	avalanche	no_visitors	surface_hoar	fresh_thickness	wind	weak_layers	tracked_out
0	0	4	3.9005076466803104	8.715484761214842	6	9	0
1	0	9	1.4775861982097944	6.801416978084971	30	0	0
2	1	3	3.236593954599316	5.632456571470033	8	8	1
3	0	0	3.2442831641572565	9.348870966691168	12	10	0
4	1	2	5.196741024166658	3.7823152248869834	4	9	1
5	0	5	0.31702976870613336	9.985454032301046	23	4	1
6	0	7	-1.1165131238176351	7.833798349107155	10	7	1
7	0	3	2.4688313956341843	9.301259683830267	1	1	1
8	1	5	0.10161550955205793	7.247238898414372	21	6	0
9	1	4	5.030525837681266	7.992843465342117	39	7	1
10	1	1	3.496599574640699	8.005881908703914	10	7	0
11	1	1	6.665820150259892	11.083376948340044	24	2	1
12	1	7	6.371150813066323	3.728237520576803	22	6	0
13	1	1	7.031872264675699	6.036643535634596	22	5	1
14	1	0	2.460189470728767	6.045252552177128	25	5	1
15	1	8	5.5984838621400055	8.722693847713895	13	8	1
16	1	5	1.6586754274219389	10.276357764194916	36	5	0
17	0	0	1.0471003448188596	9.65971979269516	3	4	0
18	0	3	3.815109604105601	11.285236751704101	33	2	0
19	1	3	5.187157046474134	11.044875455723297	15	9	0
20	1	6	-1.8757286576825765	8.74991758516694	30	3	1
21	1	8	5.717107110514329	6.607683825864332	32	3	1
22	1	2	7.9232566228035175	4.888982816577303	23	0	0
23	0	6	6.472328060905641	6.154924544051368	39	3	1
24	1	2	3.5398837286660765	6.622305183505509	38	0	0
25	0	5	4.4358824221017334	2.510011000086898	10	4	1
26	1	9	4.6081640442239	8.07851186188724	15	7	0
27	1	7	2.9603070940025242	12.234998212499349	12	8	1
28	0	8	6.1616438672534395	9.531151105682333	5	2	1
29	1	7	1.0540562142809438	3.9529312677075175	32	10	0
30	0	6	-3.791942313501986	5.79359294106359	6	4	1
31	1	4	5.95938105326449	12.881369871309287	24	6	1
32	0	4	2.878926163225738	8.802776553370457	16	3	0
33	0	9	2.8402496490840328	8.744373343385472	2	3	1
34	0	8	2.204638560591258	6.361794598847197	38	3	0
35	1	0	2.5750204447616225	3.857326858518582	26	8	1
36	1	0	7.51278655462764	5.020062490532519	11	6	0
37	1	6	3.463007900497728	9.047523438470284	38	10	0
38	0	2	1.6435649449254313	11.20386585468877	37	4	0
39	1	0	7.273837957327543	5.515377550625594	40	8	0
40	0	1	6.426894978385883	10.3846408951518	12	1	0
41	1	5	3.668490963601747	6.618995986702673	14	7	0
42	1	0	4.538797081556165	7.514792624399275	12	9	1
43	1	2	5.877148954509028	5.241734656251776	15	4	0
44	1	8	6.859052280043929	3.307233395152986	31	3	0
45	1	0	4.623591930290762	6.533281716944438	18	6	0
46	1	8	0.9509068164390435	13.4240264172074	27	5	0
47	1	3	6.764776949804799	2.6394781429693985	13	9	1
48	1	5	1.4361766346263987	3.6462122258959164	28	5	0
49	1	7	7.723048268699919	11.406213589969239	28	6	1
50	1	7	7.834604009949725	10.090771493584256	17	7	1
51	1	9	0.8113266152811486	6.703882531789712	30	6	1
52	0	1	3.0319269085983453	10.608984805646248	18	2	0
53	1	3	2.462392246163475	7.222131292669395	28	3	1
54	1	3	5.588429233376208	7.088389116294081	37	1	1
55	1	8	6.021014549298148	4.862038550033756	40	0	1
56	0	4	6.876332694582475	13.765886834867263	7	4	0
57	0	6	3.4830054397703556	10.308525391365716	4	3	0
58	0	0	-2.07440245136159	4.636051828600167	12	4	1
59	1	9	8.160609066675894	12.371875526608171	28	7	0
60	0	6	1.3844675335373888	7.1133866774998165	38	5	1
61	1	0	6.487163098883515	7.118541339038725	2	3	0
62	1	0	3.0785150628082603	8.109113753889094	24	0	1
63	1	8	0.4696757671346564	8.551377418831809	32	9	1
64	0	6	4.1285363993755535	5.309923284115575	40	1	0
65	1	3	4.1287657109886275	6.64706564602453	29	2	1
66	1	1	1.7054081234505727	6.591950385662593	30	9	0
67	1	5	8.346256838227907	10.020821014415686	9	0	0
68	1	5	2.553236637061601	9.064690762117753	33	9	1
69	1	4	5.620314494119605	12.260412765131772	28	4	0
70	0	1	-0.23249010995298472	8.595077426836422	5	1	0
71	1	6	6.866444446893931	6.424462092663561	36	10	1
72	1	9	1.7617813339581676	3.104502458254885	12	9	1
73	1	4	4.972085540279311	11.24343833153364	32	10	0
74	1	0	5.307562294557863	7.299520573587003	1	9	0
75	0	5	5.760189797367628	13.815030944352044	1	0	0
76	0	6	3.755042128206398	5.648942144016457	5	1	1
77	0	7	2.1985186549883458	4.867664607430543	9	4	1
78	0	9	8.811729990724205	6.249751622509979	18	1	0
79	0	8	2.8997576374803153	6.982357859943625	12	1	1
80	1	5	5.466328613143144	7.442201374253566	18	5	1
81	1	9	5.484778358554225	6.160864561499955	33	6	0
82	0	1	2.0802829932913403	8.521118096674023	22	2	0
83	1	5	8.443775524461232	12.443014952479235	39	3	1
84	1	3	5.837997159416634	6.772576130987325	5	10	1
85	1	2	4.458136937752666	10.818625666695667	26	7	1
86	1	4	-1.5990949813835198	3.938041000551413	37	9	0
87	1	1	-0.5080414870438252	4.318916590254311	5	10	0
88	1	7	2.386732451320769	9.005095534440613	0	7	1
89	0	3	4.533933622429777	8.777984171864967	32	2	0
90	1	0	-0.49088322149858143	6.930291918512021	40	8	1
91	1	7	0.4314289879521828	10.943235505533448	31	4	1
92	0	5	4.907282937527544	4.396028393057709	10	1	1
93	0	3	4.86799615976135	14.826005836541443	18	10	1
94	1	4	1.1054861548063677	8.832580284507616	9	10	0
95	0	3	-2.6392278975867463	7.200229038275574	11	8	0
96	1	0	4.76683889703369	9.311403338932205	29	2	1
97	1	4	6.027010959977095	4.062547051376538	9	3	0
98	0	4	2.6331996053599522	10.723230596890042	4	4	0
99	1	6	5.4430795372765886	7.202470002550295	30	3	0
100	0	0	-0.15416881795527804	6.885307364132766	22	0	0
101	1	2	7.972704360424128	11.985584931753616	13	8	0
102	1	3	4.15688610733944	8.636745457674326	5	7	0
103	1	4	3.210572975373469	9.534762843149618	32	8	0
104	1	9	3.854152382113228	11.351892644157022	39	7	0
105	1	6	4.935402080308752	11.522249006018864	27	9	1
106	1	6	-0.1614213848910131	9.97217820051615	35	5	0
107	1	5	2.348171244178161	7.850005737702995	35	7	0
108	0	1	-2.1943087205107243	10.198499686009832	3	2	1
109	0	3	0.41494075018322274	8.368459050251053	7	9	1
110	0	9	-0.6431615485300849	11.070287957289052	9	8	0
111	0	3	0.8768294396573926	8.150157726936069	21	2	1
112	0	2	4.231482626037929	11.597061084950374	10	10	0
113	0	8	6.961536731804726	8.561804817371353	4	0	1
114	1	3	8.17028134589597	9.13683543642101	34	7	0
115	1	4	1.9608266165323787	10.898188896946067	3	9	0
116	1	3	4.037104949535764	7.982346591462528	34	10	0
117	1	3	9.185481477927429	12.133960927939455	20	9	0
118	0	6	0.3980476920893231	12.136142025563618	5	4	1
119	0	7	2.4373205795746906	5.135259127679196	5	4	1
120	1	5	8.642157512340729	10.320779530798449	17	7	1
121	1	3	1.9121786149540851	8.970436335095428	19	10	0
122	0	5	3.2296022079476114	11.388245046723911	15	7	0
123	1	1	9.12034753101285	9.108329432879696	12	10	0
124	1	1	3.908266627860465	5.08376327361766	30	0	0
125	1	1	5.4003762932910515	8.837201070864484	39	3	1
126	1	2	5.2427064963692125	12.173886069812376	20	8	0
127	0	4	3.899096401114666	8.221603975153688	4	0	1
128	1	2	4.260562707726109	8.356013746303297	36	3	0
129	1	8	6.163606230707513	10.329057522377754	32	4	0
130	0	7	4.320500362697846	6.303319668897211	10	7	0
131	1	5	4.560939859516749	7.186400723819397	19	7	1
132	0	6	0.41819335315104206	8.631262180219256	20	10	0
133	1	9	4.131007100711034	2.911677397185416	24	9	1
134	0	1	7.711434523152033	11.220403881742723	13	3	1
135	1	3	3.0510804153436086	6.703266420662192	14	7	0
136	1	3	2.1022476440117295	8.331663465419226	25	5	0
137	1	1	6.705028580088844	2.052025448439618	18	10	1
138	1	5	4.37478362083233	9.51706913979307	36	8	0
139	0	5	8.794867922654944	10.739132063466581	0	4	0
140	0	1	5.049500984593648	10.566981778614414	2	1	1
141	1	2	1.7176591561228922	7.684218302741069	38	10	0
142	0	3	1.9811220876192777	1.7306641414224244	23	2	1
143	0	7	-2.5385924545692675	13.869164720092183	20	9	0
144	0	1	3.2462004890134564	4.831853190251222	16	8	0
145	0	6	0.5393564320939205	4.711222411691401	33	2	0
146	1	1	0.9109987830965101	9.187378250037485	33	5	1
147	0	9	4.32878796267231	0.4137014307004687	30	4	0
148	0	7	1.9886833019647576	7.532842661003709	17	6	0
149	0	8	1.4896899235321377	13.536223120002168	7	9	0
150	1	6	8.816649474065239	8.54102385672008	39	8	0
151	0	2	2.6530184727405124	10.46941842477303	18	6	1
152	0	3	1.083520180925223	9.475582147511702	18	3	1
153	1	5	0.6371410071619787	4.51026593705631	35	1	0
154	1	2	1.1757292457343198	13.940387486642159	23	10	0
155	1	2	7.722706939526928	3.887427798496386	25	4	1
156	0	3	1.0462051195193371	7.413761788967096	17	0	1
157	1	4	5.820847206006167	12.301466256089462	35	2	0
158	1	3	4.370872276165425	7.831210151016328	34	5	1
159	1	3	2.220200057164307	1.0524719485015526	28	4	0
160	0	0	-1.9159769619861808	7.211245832740501	27	4	0
161	1	3	9.19218936375298	7.366937958836479	40	4	0
162	1	4	4.1186464452797695	8.426046116947116	28	5	0
163	0	5	-1.220836568719102	7.09723262194969	32	3	1
164	0	8	-3.0853588040835978	5.512314232030266	3	1	0
165	1	1	0.9022835217334497	6.499076975732673	16	10	0
166	0	5	2.44914087465662	12.716034642695973	3	5	0
167	1	0	1.6790353635000752	9.455375410427397	25	7	1
168	0	7	0.27726840705532785	9.295925883003385	2	3	1
169	1	5	3.4586158219498153	13.149177890641864	15	8	1
170	1	5	3.172730324430491	4.655329638143255	6	10	1
171	0	6	0.9068779200626857	8.13267296783162	18	9	0
172	0	4	0.04853971625232667	4.343367839465589	12	7	1
173	1	7	7.182793059146324	8.34297606755122	29	10	0
174	1	8	7.8310173824819245	8.07236070918972	1	8	0
175	1	2	7.013880121380446	4.424829274071528	38	3	0
176	0	9	5.142447366491693	9.877194675691976	6	8	1
177	1	4	2.9303371482973093	8.35568069266311	37	8	0
178	1	4	9.111671549659343	8.925713333539747	0	6	1
179	1	0	5.3946319834955805	6.321744341010859	12	0	0
180	0	8	0.7330226612678786	10.494360413437878	5	4	1
181	1	9	6.8544012098805664	6.0993591995342005	22	5	0
182	1	6	-2.388213816327957	8.341308740898462	36	6	1
183	1	9	2.6541368151387346	16.000428610528147	22	2	1
184	1	7	-5.029849248811556	9.150480221521654	34	8	1
185	1	5	6.7039244262098965	6.36723661071963	28	1	0
186	0	3	5.75767945278085	9.876573891665815	14	9	1
187	0	2	3.601937864242848	4.331470179004433	9	2	1
188	1	6	3.75188752885191	10.129861077123625	35	0	0
189	1	3	4.591671592406582	5.662458245127052	33	1	1
190	1	9	0.3862782977831607	5.739945045575745	28	5	0
191	1	2	1.5401467754247211	7.50980948355415	22	7	1
192	1	9	0.9254216612900308	8.672147768400983	27	9	0
193	0	2	1.0279062082125503	3.9090912335180077	13	0	0
194	0	5	1.0220710858169249	8.62150247257776	6	4	1
195	0	8	3.640673363257366	5.301785706611952	30	8	0
196	0	2	3.1015132017224816	10.096898782038359	29	2	0
197	1	4	7.276181310015156	1.1946037567600571	15	4	0
198	1	9	1.5605062085351378	0.5319656132993824	30	7	0
199	0	7	4.486316089482612	5.576647081572861	15	9	1
200	0	5	-0.029188021394001673	8.063555399978819	36	0	1
201	0	2	1.2465109271455859	10.424952477123595	35	2	0
202	1	5	-0.9756927008976168	6.794281177988566	12	8	0
203	0	8	4.777016451466094	8.076455269586734	35	2	1
204	0	8	1.2560398671373585	6.277759317308155	22	0	1
205	1	0	2.9504019378938273	2.6165154903149883	31	5	0
206	1	0	6.433261250945995	4.081712070317959	5	2	0
207	0	7	3.1355294793113058	3.259367111025405	9	3	0
208	1	2	7.280475427540283	7.2030429233763655	19	0	0
209	0	9	2.4148421292801836	6.785516607814438	35	2	0
210	0	7	-0.5438088820933348	14.648254887373474	11	5	1
211	1	4	10.649637573179973	4.892984351428675	21	0	1
212	0	2	3.7818132356351235	11.474844915653591	20	5	0
213	1	0	2.9219583779111042	4.898639087237281	35	4	0
214	0	7	5.1753078925496885	8.83606993897625	15	0	0
215	1	8	6.435432511750706	7.108776008079039	33	6	1
216	0	2	1.2987399162297746	10.685404966519762	18	0	0
217	1	3	2.3610971418243416	10.849389286607824	31	2	0
218	0	5	5.688785668813496	4.9653802628410215	4	1	0
219	1	0	-0.8200416284535763	9.320613711629179	27	6	1
220	1	3	4.917726253706178	9.757944089351025	28	6	0
221	0	5	-3.5619200502263917	8.785219555645842	1	8	1
222	0	0	1.3465108972364854	17.175829779672377	19	10	1
223	0	8	6.861865595685273	4.8896569673428605	28	2	0
224	0	8	-0.336908404866253	5.851968596963939	36	0	0
225	1	7	8.544239354881398	12.7588774886528	25	1	0
226	0	9	4.472201274351601	3.6995880025030976	14	1	1
227	1	0	8.542080989732039	6.962602061077416	29	9	1
228	0	4	1.8277868919322677	14.310779903556059	11	7	0
229	0	7	1.1656098780034765	3.543240922752107	12	6	1
230	1	9	0.5493537264359019	9.49005268932332	31	9	1
231	0	8	3.046193427855969	10.004680248858087	23	2	0
232	0	9	0.9556587822364185	10.455423346369317	21	6	1
233	0	9	4.3059405247336615	4.919368759154279	4	9	0
234	1	3	7.683377197745774	10.27088486237902	10	7	1
235	1	1	-2.9887547657246043	8.416048594583415	21	3	0
236	1	0	9.831932494674572	8.741376790983892	11	2	1
237	1	5	3.176703749373065	7.111616291831966	0	6	1
238	1	3	2.250876871068793	7.126619147998716	40	3	0
239	0	6	3.801901012244153	9.971013176371889	18	2	1
240	1	4	3.6637128336477462	10.237416166448158	26	10	1
241	0	8	3.579997763349098	8.250246693768917	8	5	1
242	0	7	2.3679955348159827	9.948083918792292	23	6	0
243	0	1	0.6822152365331559	7.464298727727648	14	3	0
244	1	9	0.4467662567588496	12.26384544711409	3	10	0
245	0	2	-0.08992929753637302	12.121737544193454	38	3	1
246	0	1	7.355989121087677	5.117228802116881	6	7	1
247	1	5	3.5633218391381485	12.036821666911692	17	10	0
248	1	7	-0.265274761009983	3.004455841109749	30	7	0
249	1	7	2.3925878052474574	9.377710344287156	29	5	1
250	0	8	0.7142528101607359	11.191346922275375	9	4	0
251	1	7	0.8355470869930696	5.898336822113404	38	10	0
252	0	2	3.810071314843869	4.953096220857257	18	0	1
253	1	8	1.7916611022722957	10.551715995568681	37	7	0
254	1	7	7.605932021883458	13.349546497748923	0	3	1
255	1	6	5.3047484146378086	7.719289293338292	40	7	0
256	1	6	3.103705945107294	11.8805598240533	17	7	1
257	1	5	4.6132626192741455	5.931691963381203	26	7	0
258	1	2	4.361438282503362	4.143897513742841	6	10	1
259	1	4	6.6357363064991945	10.117729166128441	37	5	1
260	0	0	1.0075414828790403	13.236443200103952	3	8	1
261	0	6	-1.3781059829931581	2.7992706437439665	7	5	1
262	1	3	2.4147597802881164	4.081724300286039	40	1	1
263	0	9	0.5568836407013579	10.811204845555292	10	3	0
264	1	5	8.31390976919605	8.602296514042301	18	2	1
265	1	3	1.3748040966358746	4.777158340879205	38	10	1
266	1	4	3.419033195107664	7.845545466018638	22	5	1
267	1	8	7.569809294774746	5.8948185737320635	29	3	1
268	0	0	0.5765324963473999	9.712560213357476	34	3	0
269	1	9	7.883606697326648	2.547091398043311	9	6	1
270	1	4	0.9680346671115663	4.139641080989637	5	8	1
271	1	0	0.29651746192300066	8.364256523967647	31	5	1
272	0	7	1.056138904032709	7.784045952583616	23	6	1
273	0	7	2.720106839265331	2.6170620482554376	11	5	0
274	0	3	5.603207517281557	9.79563344104022	18	10	0
275	0	5	2.8180658662890674	5.991893105981531	27	3	1
276	0	5	2.079432106710603	10.159649800456535	24	3	0
277	1	4	7.865580399269077	4.420533191875062	35	0	1
278	0	3	-0.0867544608514772	12.235520878912084	7	8	1
279	0	2	6.124183577969024	8.525328562437817	18	2	0
280	1	6	6.868526080515413	8.666854736979168	36	2	1
281	1	5	0.2437039357972366	8.594554255880416	23	8	0
282	1	1	4.82929832386327	6.649373992568931	0	9	1
283	0	6	4.882286031797511	2.7774487380328505	19	5	1
284	0	2	5.032269044849628	5.576153144363033	0	3	0
285	0	9	6.819219930929745	7.356056585344966	15	5	0
286	0	9	4.166494465011004	8.337950194419882	18	0	1
287	1	1	-2.1576570045811403	9.12408886745337	25	7	0
288	1	9	4.782904275580082	8.974126732173842	29	5	0
289	0	8	1.7537402971641334	8.952916863248916	5	2	1
290	0	1	0.9189478923465644	7.6414562951898395	10	5	1
291	0	5	-2.8009399542488005	12.659425240773514	0	6	1
292	0	9	7.520759786779707	3.489690051418778	6	0	1
293	1	3	6.015385310749418	8.72987807778576	25	10	1
294	0	3	3.9924885067969864	8.710489548302935	15	2	0
295	1	0	0.7248942392087678	8.086385400190254	2	8	1
296	0	9	6.1029388690282085	10.879705077023596	3	5	0
297	0	7	6.997984027794217	8.089942426706848	4	9	0
298	0	8	3.3645784416860836	10.87085266953361	17	1	0
299	1	0	5.571102526757021	7.032316198163729	35	0	0
300	1	4	5.072921809684286	9.481019167468736	23	10	0
301	1	1	4.273446885909726	9.725739093551296	18	9	0
302	0	0	4.896982953486503	8.91180425749533	2	2	0
303	1	5	2.303201126959114	12.316130489847616	24	7	1
304	1	8	9.033672818909356	5.849471136992275	23	9	0
305	1	6	0.7384933503907112	15.30250709232845	25	8	0
306	0	9	3.8279206745123893	8.442107315048865	39	0	1
307	1	9	8.026438812704306	11.981568383036157	24	0	1
308	0	1	-0.07331173512360545	12.611685373522768	37	0	1
309	0	6	4.582126572718848	8.068101188152875	14	1	0
310	1	5	8.50617371388794	6.537599893616036	18	10	0
311	1	8	7.439376424402579	9.395357709893817	27	10	0
312	0	8	2.797238437598569	3.8568088327322396	11	7	0
313	1	7	2.4058251575522256	8.710245577838098	6	6	0
314	0	6	4.688918480568353	3.8910862605334016	1	5	0
315	0	3	0.4720814664755582	3.44248325757632	18	8	0
316	1	1	4.86325459747845	1.4320313344957558	12	10	0
317	1	3	7.458886147561973	2.85464667715342	39	2	1
318	0	3	5.201563651611867	3.9930446161979516	7	1	0
319	0	9	-0.6494845280819354	5.924572807280133	17	3	0
320	0	2	5.200737541989507	8.23405175441233	2	0	1
321	0	4	-0.5593440675071436	9.483582929320955	20	2	0
322	1	1	3.8967195289428402	11.145117619707065	30	10	1
323	1	1	-0.26758410739337224	2.176549620821194	15	6	1
324	0	2	3.1287111212521177	12.160923004134236	21	0	0
325	0	5	0.8220055043331556	5.8130124244336985	3	6	0
326	1	8	1.1687498823032327	8.198148151280792	29	6	1
327	0	9	4.247469154089158	8.868370008994113	8	2	0
328	0	1	3.5645541198640673	12.95040575207614	13	8	0
329	0	3	5.7102705597704775	13.142323844560174	19	1	1
330	1	6	4.847525938363426	12.140512287273589	6	4	0
331	0	5	2.9952725278723222	9.349945367381945	8	10	1
332	0	2	1.5627731731129264	9.28007057297608	36	3	1
333	1	4	-0.3247994883241083	8.687392716765324	40	7	1
334	1	2	3.171153231008112	10.013056605981593	27	4	1
335	0	6	-0.921091836931129	9.351982474168029	21	10	0
336	0	4	1.5205560512819596	11.929448887157756	1	5	0
337	0	7	4.089003719490769	2.0100291154733427	29	5	1
338	1	3	1.7926730937600932	11.237377465323346	40	9	1
339	1	2	6.704064042439909	5.039151173667067	25	4	0
340	1	0	-0.6995633240625923	6.0582845283898275	20	8	0
341	0	5	2.313466246885518	11.36274059125923	16	7	1
342	1	4	7.096058120349268	10.757585131578388	17	7	0
343	0	6	6.698953187242233	9.671177038959812	3	7	1
344	1	7	6.010538262370124	7.971422217734084	19	6	0
345	0	8	1.6818501684983231	1.9722607062105282	15	5	1
346	1	0	1.1977835902555516	9.033344072012397	20	5	1
347	1	5	6.898249829863513	7.9725529539075914	23	10	0
348	0	1	1.5211321452802857	12.581701735732011	19	3	1
349	1	0	0.9557891120766695	5.989119406344898	37	3	1
350	0	4	5.404151872076772	7.595889976817302	10	3	1
351	1	6	0.9888150806590296	13.654429056240003	20	8	1
352	1	0	8.5165188642984	11.32867834570831	19	5	1
353	0	4	1.3134755739797748	10.993210153617474	9	9	0
354	0	7	6.741753904169662	8.185250798580242	15	1	1
355	0	5	4.411953866093363	6.51169014850577	2	1	0
356	0	3	4.090060633681467	6.9419526652314865	12	0	0
357	0	6	3.9057388367123314	8.347747896741136	28	1	1
358	0	3	3.130086715662131	2.854937801563166	13	7	0
359	1	2	7.281774606222343	2.900635721237292	37	7	0
360	0	9	4.2897038535149825	9.985373804097026	30	3	0
361	1	7	6.239429224019771	7.057831702804125	11	6	1
362	1	6	5.028837821893563	9.433828391629827	21	3	0
363	1	0	-0.19255406594518165	6.623687322241389	36	9	0
364	1	3	4.141652957606901	2.919708833436809	30	1	1
365	1	8	1.1293113867393432	12.29068300243373	39	1	1
366	1	1	3.6024037835724974	9.513024063122543	14	6	1
367	1	0	-1.1959917074485058	5.229473622978148	40	7	1
368	1	3	5.046745887825607	7.567367396264372	38	1	0
369	0	6	2.4297748416229608	8.445696949424475	33	3	1
370	0	5	-2.5179980484685434	5.288991671788718	13	7	0
371	0	6	2.235377982292664	9.912917607788652	10	3	0
372	0	8	1.8193112647773222	7.543688476889667	11	2	1
373	0	8	5.526719913419085	8.179878360861423	22	0	1
374	0	9	8.871060980762813	9.066136554786894	13	4	0
375	0	8	0.8153213970267225	5.585024536253946	4	1	1
376	1	8	4.795858755289485	11.013989412365122	38	4	0
377	1	7	6.109435415356707	9.436337586996718	26	9	1
378	0	8	3.5139525366128925	6.478597330005031	0	3	0
379	0	0	3.412434490166638	10.641388715729137	31	3	1
380	1	0	3.8133921824619996	8.97013166094062	14	8	1
381	1	1	5.0023127819952045	10.846711749544054	40	5	0
382	1	2	1.9095870605793632	8.206922812743644	40	3	0
383	1	1	-1.8684274339782152	7.413316827187366	30	9	0
384	1	2	11.018072843348495	9.077724719540686	19	4	0
385	0	0	0.0029675655599712414	5.535005507935708	9	2	1
386	1	9	3.5870389083235064	8.706482653752818	24	8	0
387	1	0	0.16375215616640504	0.7411417878411277	28	1	0
388	0	6	4.993699097564219	4.192346972190592	10	4	1
389	0	1	2.7271018769620534	10.153417472434505	1	2	0
390	0	6	7.0631722446928755	0.16829400747811274	19	4	0
391	1	4	5.999850327004173	2.3827110927278423	6	7	0
392	0	4	6.890798068547193	5.118997233016394	8	2	0
393	0	7	2.5855635110697914	6.2368375897299515	8	6	1
394	0	8	-1.8615382306646788	12.867349967840708	4	6	1
395	1	7	6.23566201706223	4.160166956526714	9	10	0
396	0	4	1.2017694229789329	7.991115740677339	26	3	0
397	0	4	2.409729348030978	6.598459117190986	0	3	1
398	1	3	6.127033255899537	11.49398046197965	4	9	1
399	0	3	4.2007889922303825	5.780742215585219	0	1	1
400	1	8	3.313702250964184	2.884824919320077	32	9	1
401	0	3	-1.4235297301209058	1.742117714173819	12	6	1
402	1	7	5.004005533562838	7.897988532197967	19	8	0
403	1	6	5.360154825743964	11.731292808610242	38	0	1
404	1	2	5.126370877568681	7.0705671459078285	11	3	0
405	0	6	5.454444177700192	6.770751417263246	12	6	1
406	1	1	3.2059580351274084	5.822879777625524	19	5	0
407	1	4	9.42385297534711	5.30159931705386	36	4	0
408	1	5	3.7587769993174067	10.919076741816406	22	9	0
409	0	4	-0.6381824600169388	6.848606230722158	6	0	1
410	0	3	3.7085477474415933	3.498847026498023	6	4	0
411	0	9	2.082465267361557	12.737940944936183	10	4	1
412	0	8	1.9537812909638268	5.2525052539928705	2	2	1
413	1	7	8.316763589996885	8.640231534454738	16	9	1
414	0	9	0.504459830367475	5.356544677963	22	7	1
415	0	2	0.591045126850203	6.68757763566613	8	3	0
416	0	0	0.46409563836114653	9.067135560357237	9	3	1
417	0	0	5.641875838456634	9.848515638410724	36	2	1
418	1	1	4.8873368861209325	8.831911119435414	16	6	1
419	0	7	5.908600153555912	7.403002496378184	16	3	1
420	1	5	7.195273925691427	11.668536880061007	2	8	0
421	0	0	-0.05033796860379036	7.8746382048545405	8	4	0
422	1	5	7.355417113294282	8.61743804556997	14	2	1
423	1	1	1.3649459655609726	8.03333496381412	8	6	0
424	1	1	-0.8010758946212255	4.573659020722928	16	8	0
425	1	0	1.972863942964388	9.68067411505363	17	6	0
426	0	5	3.4717221142232626	5.9999058605506255	14	5	1
427	0	0	7.113786193561272	9.851993991480391	10	2	0
428	1	6	6.887601793850774	12.923746762828255	37	5	1
429	0	4	6.726080056311632	11.806318668847759	17	2	1
430	1	6	4.919107518238675	10.316136604343544	18	9	1
431	0	4	4.135637641960283	15.337740033557713	2	0	1
432	1	4	-2.1950196052932855	13.33707436537873	27	9	0
433	1	5	1.024837875838542	4.853255158413336	12	8	1
434	1	6	1.3140253394599113	7.360536422706273	17	10	1
435	0	5	1.5536385686615857	3.8312114361684886	1	8	0
436	1	5	3.9284086759720083	8.806029551147269	26	2	1
437	0	5	1.9115081784529457	6.542925318632754	17	3	0
438	0	8	-1.125658088871168	5.018231384472953	16	5	1
439	0	1	5.315524653206348	9.41286656963634	19	5	1
440	1	3	6.080611032540435	3.506715786177737	5	5	1
441	0	1	2.7998910571769575	12.872703748261664	37	2	1
442	1	0	4.172371243106401	5.953225820988845	10	10	0
443	0	4	2.8537187714909065	10.513279001296143	30	1	1
444	1	2	3.9546823824866344	10.731105327577406	11	10	1
445	0	4	5.375258684047202	12.818128193536774	13	3	1
446	1	7	3.516337376841985	8.129895908836819	23	5	0
447	1	9	3.0850579224955705	11.923730596287022	20	3	0
448	0	4	4.17948183409898	12.475903510933492	25	9	0
449	0	4	4.9929458446718105	9.10792162891238	3	5	0
450	0	9	-0.9802845648482759	9.375933876803959	6	5	0
451	1	3	1.6736883374083156	8.567547855741953	25	9	1
452	0	9	1.7915015074935483	8.486301103774366	16	6	1
453	0	3	2.879452362349389	4.524471880828482	11	9	0
454	0	4	1.802277774277987	7.335705228960312	0	0	0
455	1	3	6.702289407161785	9.037840921524205	9	7	0
456	1	3	5.259493966224709	8.743795932979683	33	2	0
457	1	6	2.022356854952273	3.980983050004494	38	5	0
458	1	1	5.160355289425194	6.794176998516985	25	4	0
459	1	3	6.618374357426869	9.714493658705539	12	8	1
460	0	4	5.897539982021691	10.873577571567388	11	5	1
461	0	9	2.0814100215940425	10.026656019783838	10	7	0
462	0	6	-2.31829048639601	4.4296677346603435	6	1	0
463	0	4	-0.7490810413789872	10.881624087170056	24	1	1
464	0	7	4.350190961003256	4.812006142453777	15	6	0
465	0	4	0.12841305061656527	5.254256274238561	18	0	0
466	0	6	4.397458803812732	9.139636649506727	23	1	0
467	0	1	4.159784641227272	10.276299166632917	14	6	1
468	1	6	5.261705900014863	8.030096139935516	12	8	1
469	0	7	6.027057295863564	8.052342682017265	32	2	1
470	1	1	2.390382225055161	4.386825660454372	35	3	1
471	0	8	5.29114940925799	5.885620675501238	17	1	0
472	1	2	0.8655314513747394	7.043356817425336	9	7	0
473	0	4	-4.384568534655019	11.838799474061343	32	9	0
474	1	8	5.681347098006588	10.410115960638262	36	0	0
475	0	8	-0.7074845575243169	1.7646085679584167	5	4	0
476	0	1	0.4473533204656128	2.9173360251497558	3	5	1
477	0	6	5.910831098957458	4.8825574742202615	18	7	0
478	0	1	-0.30068866054069665	11.6702666766133	26	4	0
479	0	5	6.956985881043326	7.332872900711308	12	4	0
480	0	6	2.6305205886527783	7.6058637500351685	23	4	1
481	0	6	5.317922967256176	9.02892324386966	32	2	0
482	1	1	6.786090348256224	7.26621067496768	39	6	0
483	1	1	6.905524842998559	6.265322116067614	29	9	1
484	1	5	1.2969441496690468	7.6281964569879905	22	9	0
485	1	3	5.575584576510837	10.61516644222229	15	10	0
486	1	1	3.9481828770606318	8.443750796740634	35	6	0
487	1	0	8.3081309287882	5.775487040012305	40	10	1
488	0	7	2.330170167560439	7.9874554642864535	8	2	0
489	0	9	3.590782164704808	4.557964178664185	15	5	1
490	1	2	2.3763155473480158	7.87675502262386	37	6	1
491	0	6	5.15352662925784	5.529578763173729	6	0	0
492	0	4	3.201007340685374	10.31211397310662	30	2	1
493	0	9	4.602567523757701	9.967570737362024	5	2	1
494	1	9	2.4924300888349706	9.85909678888675	18	10	0
495	1	5	2.794010820612599	5.100948994538725	22	10	1
496	0	3	2.9571236862720265	13.76297253941268	1	2	1
497	1	6	-5.633458786274167	9.609311106337671	21	9	0
498	0	9	4.296914259779709	4.8499540651772115	17	7	0
499	1	1	5.526316567099144	6.097848249453188	8	2	0
500	1	4	6.395137078289464	13.935864252553495	27	10	1
501	1	1	6.811634233826225	7.580902877664171	26	5	0
502	1	2	6.175676516854608	6.174147909356453	6	2	0
503	0	1	-0.11647708110023114	8.442358758095171	15	2	1
504	1	0	7.62903980619655	8.74299314631844	20	0	1
505	1	1	6.3812866875668535	5.966879547662614	3	8	1
506	0	3	2.008513227798054	10.207325976355941	6	3	0
507	1	8	1.630800334817324	8.41109575132532	29	8	0
508	1	4	5.887011882804713	9.553856394471513	36	4	1
509	1	8	-0.8219319432226144	11.146657215940513	12	6	0
510	1	3	4.901347677745172	6.834567547489573	30	0	0
511	1	4	3.340132566807295	5.6131720715741515	24	4	1
512	1	7	-0.09142325110781124	9.14327393777765	38	4	1
513	0	7	-0.02251132102554688	9.914921721021502	5	4	0
514	1	1	4.18111345982687	12.607457634446494	39	8	0
515	1	3	6.774022727845846	9.904941370431501	21	10	0
516	0	8	6.0995304584849865	11.645747210508539	10	5	1
517	1	8	3.6482261247521293	9.00085653434002	2	10	1
518	0	3	8.005733561315036	11.014856381499044	16	5	1
519	1	0	5.4633386890734865	7.77658225143808	7	4	0
520	1	1	-1.6409967362172355	4.7434551443321356	32	3	0
521	0	7	4.253085953996035	4.240225279056814	11	10	1
522	1	7	7.617967700415784	10.428507607112033	40	0	0
523	1	7	6.502296356578364	11.146089911925088	22	7	0
524	0	7	1.4059314485063568	4.599296019852345	10	2	1
525	1	2	6.026779169044614	11.874372196832633	26	8	1
526	0	7	1.7674003175992175	8.595140252235138	20	7	0
527	1	2	7.82718374383349	9.835754816160508	36	2	1
528	0	1	2.8218658345686998	4.977243826913085	9	5	1
529	1	1	3.1750823097316734	3.0854925512703284	3	3	1
530	1	5	2.5237445212827714	8.443979612772253	25	9	1
531	0	5	2.6167475120685646	11.033196163608764	7	5	0
532	0	8	2.172119715918771	2.5465284310137877	23	5	1
533	0	9	-0.27693145086153054	11.868536911988931	1	6	1
534	1	0	9.700607875711132	4.367704741994344	4	0	0
535	0	3	2.2674815015303116	9.8748535318787	8	0	1
536	0	6	-0.7577652929308336	0.5079145481405627	4	5	1
537	1	1	7.775195020416053	4.634086429711734	23	1	0
538	1	7	3.83960549323922	0.0676230181200177	38	6	0
539	0	7	8.57380913264748	2.9163803246038027	22	0	1
540	0	4	1.8734982682237609	5.3035738053022925	1	8	0
541	0	5	4.315170984305996	9.511856628916831	10	1	0
542	0	9	2.9376056780728126	6.49361047634516	24	10	0
543	1	5	3.136762273822607	6.146445990882663	36	10	1
544	1	4	6.006086072410165	9.939630385546746	26	3	0
545	1	5	1.0687633318243643	10.536342064226226	24	7	1
546	1	8	8.011935949322636	4.947588883035116	31	7	1
547	0	0	1.3617361738721283	8.363228180899839	14	5	0
548	1	0	0.964012379764692	3.679027734000701	6	6	1
549	1	2	5.5307218977694905	5.160156233998668	24	0	1
550	0	3	2.884781459865948	6.055127126088336	26	0	0
551	1	2	5.126414788931342	6.5257028940295925	10	3	1
552	1	3	7.650141930186285	9.438901505655767	22	5	0
553	0	2	8.964383786213311	3.9061307777130447	1	5	0
554	0	4	-2.973892381641271	7.305732722098927	12	6	0
555	1	5	1.526333418020972	3.655736252451733	32	8	0
556	1	8	5.3094600911173995	7.505324407886439	11	8	0
557	1	0	3.0010754295487287	3.760430724380873	3	5	0
558	1	8	6.264195121996281	11.238923930447037	18	4	1
559	1	6	6.6830107869001925	10.042140101291295	26	2	1
560	0	6	1.1311365180767958	10.599752907658143	39	0	0
561	1	2	-6.177710079758436	6.307080381346504	27	4	0
562	1	0	7.614007119035218	4.449335788039194	11	4	1
563	0	8	1.3115683593458198	7.950794155816989	8	1	1
564	1	3	-1.46330940932743	1.2408138628193708	35	4	1
565	1	1	6.029470700429889	8.207159236905813	39	2	0
566	0	1	-1.1443356715144428	12.631335477085745	3	9	1
567	1	5	3.8676959891144365	11.292201493392103	36	2	0
568	0	5	1.115197588428014	6.53165807557634	12	6	0
569	0	7	3.1688027678200594	11.113674012958192	22	3	0
570	1	1	-1.0446523609921068	6.761730199453451	16	10	1
571	1	3	9.013167730153228	7.590179157737968	13	7	1
572	0	4	1.276739115014256	5.84705916819388	11	3	1
573	1	1	2.9863885576077003	7.910488334785088	0	9	1
574	0	0	0.7400922408417188	8.974623996969168	5	4	1
575	1	4	8.148868186485842	10.00765798015738	5	4	0
576	1	0	3.439379198540047	13.24011197836822	26	5	0
577	0	2	-2.2310962509161216	2.5275767027721305	0	4	1
578	1	5	4.954086023040183	4.61257586831263	36	6	1
579	1	3	-1.6696065866790644	2.4560113101327135	30	4	0
580	1	7	3.18946351319039	13.141565397076139	23	10	1
581	0	7	6.044343879138752	7.762013020571496	19	4	0
582	1	6	4.917263647676759	13.343898599285273	21	1	1
583	1	5	-2.031284037953154	12.854952859569499	34	5	1
584	0	1	3.1268888224976483	10.740290229602628	27	2	1
585	1	5	5.121117045727294	8.365866931196429	7	9	1
586	0	9	-2.2216169744618117	8.295820281133487	7	1	1
587	1	9	1.7634450663353558	7.808746701517615	36	10	0
588	0	5	-0.7811930191002175	9.318862284669915	2	5	0
589	1	3	0.4289539517584442	7.861923101103453	25	8	0
590	1	0	5.7120395418704755	10.328913730920634	16	9	1
591	0	9	3.592706739140577	5.518466154243804	8	1	0
592	1	9	7.669053888887554	5.413861988541785	29	7	1
593	0	2	3.645251307848265	10.745699604292666	15	2	1
594	1	7	2.689788789878719	7.685190648647691	26	7	1
595	1	7	3.5817923525194058	5.405326638050987	20	0	1
596	0	1	-2.655122365502608	12.783614058033864	9	9	0
597	1	0	1.994987410041476	4.113112612674734	37	7	1
598	1	6	7.4570105285308586	3.237189535871858	40	2	0
599	1	1	7.245953309225735	7.052269036591943	24	0	0
600	1	0	1.8711252486377528	6.015555822469217	25	7	0
601	1	6	1.0275875902436624	9.898543651905502	38	3	0
602	1	2	4.139001980144413	2.4313935453754127	31	0	1
603	0	9	7.574860873467607	11.506226741977178	0	1	1
604	1	5	5.596325098226855	5.896190013155887	11	6	1
605	1	8	5.66003549947299	8.619959949627944	18	8	1
606	0	9	4.720753590309732	9.293980005666224	3	5	1
607	0	1	3.644637607162107	12.496152533658003	32	0	0
608	1	0	3.899320091051643	6.094220453164793	15	4	1
609	0	5	7.580048018682373	10.949997740065582	4	8	1
610	1	2	4.4759309455225464	12.020055040132013	31	8	0
611	1	3	2.2271014793306825	9.717121472902614	35	7	0
612	0	2	4.337703622502721	11.187816328667397	13	2	1
613	1	4	-1.7441864433558443	4.8353827576328765	25	6	0
614	1	2	3.0020551698081723	7.06875510903698	23	5	1
615	1	2	5.11532949655813	5.368748936967696	5	4	1
616	0	1	-0.4716299659663319	6.941515427063033	37	4	0
617	0	5	-1.531361788917939	7.90736154030965	5	6	1
618	1	4	4.476489771629488	8.88306681083266	33	9	0
619	0	7	1.2898927869252226	8.558171896062875	12	9	1
620	1	3	7.479080581908815	5.5000607186101504	15	6	0
621	0	3	-0.9067056296060403	10.75382847696238	24	6	1
622	1	0	8.14145118428402	4.767927052822232	30	2	0
623	1	1	7.5148759357948345	6.940523483285276	27	7	0
624	1	4	0.7504066070685327	9.372071108095914	38	0	1
625	0	9	4.7350875473263425	9.341764884434888	21	5	1
626	0	7	1.3744961275922007	8.861171051742122	26	2	0
627	1	0	-0.31702747628436523	2.1488428545419413	33	1	1
628	1	1	3.012255099819715	1.416796563137941	24	7	0
629	1	4	-0.5618014299261036	9.953125646502826	38	1	0
630	1	3	1.2370846755334661	3.5906364879590873	0	10	1
631	0	7	0.697533232053331	10.903696063705697	6	8	0
632	0	1	0.9778475907993098	5.026800282540001	7	9	1
633	0	3	0.25535366477024146	7.272340817713352	28	2	0
634	0	5	1.2918794755423333	5.658697286654496	4	10	0
635	0	8	2.597003672314977	9.211360322216361	9	3	0
636	1	8	3.6926602211990867	3.4603382299727063	37	9	1
637	1	0	2.1882349264918837	8.248924065198864	40	8	0
638	1	7	-0.9000131414006733	7.2424952921802115	37	6	1
639	0	1	0.6412133825972265	6.559582392265464	1	3	0
640	0	3	3.0480171479486193	10.037376571390231	4	7	0
641	1	0	6.10725868225518	6.880146509079061	21	5	1
642	1	0	8.430707314411396	11.936553528388009	7	8	0
643	1	4	3.0249356422981997	11.817242798985667	38	6	1
644	1	5	5.221015759417686	9.023938861933583	28	7	1
645	1	6	10.188081282700947	9.28623963133241	25	2	1
646	0	4	-0.6757784719171143	13.444003896627114	6	6	1
647	1	7	2.5992583657479	10.446533711003099	39	1	0
648	1	6	2.2976464658607925	10.418546856215379	34	1	1
649	0	2	4.527933129259471	11.179739465333437	7	10	1
650	1	6	6.323672083326757	7.38013299369139	4	8	1
651	1	3	3.6102885486099723	5.426575139094431	21	5	1
652	0	7	1.9440761544605958	6.3787014928450265	14	5	0
653	0	7	1.3215899409685636	4.53139326372022	37	9	1
654	0	5	2.6875059940659245	11.080354111447505	11	9	0
655	1	7	3.0799790065889345	9.746855092375647	28	8	1
656	0	7	3.72822816990049	8.622173377520603	19	4	1
657	1	4	0.5890330105162562	10.073692525669895	24	9	1
658	1	7	4.719258010256655	4.804513537214703	21	9	0
659	0	5	3.9805795971408666	9.197520464669202	12	8	1
660	1	0	8.17160501391656	14.125753511606685	3	5	0
661	0	0	2.554272628293637	12.172589811300615	22	4	1
662	1	8	2.117861482530275	5.961678546536323	37	9	1
663	1	7	6.279402012011349	2.6956295900259706	32	10	0
664	1	3	6.18280045949897	8.887899261109672	18	9	1
665	0	8	1.957057780752598	5.381456191476642	21	3	0
666	1	0	-3.095620175891212	8.130837480434444	32	10	1
667	0	5	-2.6150593254911567	8.5431899769655	30	2	1
668	1	6	4.117544379653674	8.029907297666181	29	4	0
669	1	2	2.6765743980482073	9.71128414905256	34	1	1
670	0	9	5.05373296909018	6.680855773008663	14	7	1
671	0	2	5.621237029561374	9.712451479643674	0	6	1
672	1	3	3.815113194333231	2.6658027835246667	14	3	1
673	0	1	0.7219904347859708	10.579489941280414	15	7	0
674	1	1	0.8128257458254549	9.15406043372483	39	3	0
675	1	0	7.740550409537509	8.0700958295504	38	9	0
676	1	1	7.020890270727501	2.8969890783572207	31	6	0
677	1	5	2.0643058707781665	9.871236030242251	21	6	1
678	0	5	4.154098985378411	2.574869072579479	38	4	1
679	1	4	0.99322327135928	2.337422553592367	35	1	0
680	0	3	4.721809379783789	6.661783549028365	4	7	0
681	1	2	-0.4313217786280812	12.380267972977547	33	7	1
682	0	3	0.45109569224476165	8.333125591343261	5	7	1
683	1	3	4.736086423895848	7.215898819986238	20	6	0
684	1	3	8.384587899413008	9.760333328577602	7	9	1
685	1	5	4.529931495765226	6.9940571129857245	23	5	1
686	0	6	-0.7874664052297569	5.509647919678015	14	9	0
687	0	4	4.634000490859647	6.713603227955826	39	3	1
688	1	2	4.617260851657556	10.042261547675707	17	10	0
689	0	1	3.6578276625976303	11.774133632705212	10	9	0
690	1	9	-1.885186688038469	16.41075389353322	19	6	0
691	1	2	3.965528878744765	9.291297510177822	27	4	0
692	0	6	4.5704038444059005	1.011298443062894	19	5	0
693	0	5	2.379130416093843	6.39085196120418	26	0	0
694	0	6	3.5903990918156596	4.675686693772409	25	2	0
695	0	3	1.97866832475723	11.347798493191952	16	0	0
696	1	9	-0.6861956920880137	3.014852211450341	32	7	0
697	0	6	0.7280474963093309	5.951878647432155	28	4	0
698	1	9	7.5239639029836525	6.563874779242686	5	6	1
699	1	3	4.7671025082639185	6.480306416567347	25	1	1
700	0	2	-1.942454911632216	5.493733855154704	14	8	1
701	1	5	7.865570156371532	10.751835015700834	16	0	1
702	1	1	5.572882298139268	4.740913009828014	31	4	1
703	1	0	5.648176222415681	8.662957780653091	14	7	0
704	1	8	1.826219800474517	9.77535767766156	31	6	0
705	1	7	9.225449282289443	2.7845361532326915	26	9	0
706	1	9	3.7006309388035015	11.5069990008747	40	4	0
707	1	5	9.216479143895413	8.582110097810336	37	7	1
708	1	4	7.309449807234959	7.58538082289918	29	2	0
709	1	0	5.605993714091823	13.313261620311195	30	8	1
710	1	1	4.704613216252728	0.004824107088680307	35	10	1
711	0	2	9.008539978331642	5.650629375648747	14	3	1
712	1	4	5.141700813561593	11.90011956808577	23	9	0
713	0	0	-0.9066669778552459	8.781938048980905	0	5	0
714	1	3	2.6535256407272563	4.155859802434307	36	8	0
715	1	4	5.738425125342872	9.143588227193437	35	2	0
716	0	5	2.0441589170164014	5.936037710253881	29	6	0
717	0	5	1.4374546852140433	11.290268700281594	10	2	1
718	0	6	-1.5226206783254748	3.8873824116955364	7	6	0
719	0	0	0.4615637946172403	10.551358854297138	2	4	1
720	1	2	-1.8008032515451116	14.240358617278657	24	10	1
721	1	3	6.933036386677939	2.6634783822408865	7	10	0
722	1	4	4.9404927780035734	13.027518559050923	30	0	0
723	0	8	1.556206073228894	6.095208393341177	27	2	1
724	1	8	0.6945181290843643	4.882389766851195	39	7	0
725	0	5	-0.00558872243478703	4.857192324767048	33	3	0
726	1	5	7.4232233552462485	6.486927664786722	27	2	0
727	0	8	-0.3365786871705061	5.484312731348415	35	2	0
728	1	8	6.664770940421329	8.854425255091163	36	4	0
729	1	0	5.066583980395808	11.355651728515841	37	5	0
730	1	8	7.115763100546632	13.02593076684004	16	1	0
731	0	2	0.3014591048866199	12.261486632901375	9	9	1
732	0	7	3.4362540504841217	4.528274458037271	5	1	1
733	0	3	11.176953968126899	6.179160809491018	14	3	0
734	1	8	4.779708937124841	11.260265897890784	15	6	1
735	1	0	6.039235027261929	7.891957322210562	37	6	1
736	1	3	-3.5888978609522173	7.514740467640941	1	6	0
737	1	5	0.3875838086495629	11.51929722923319	26	3	0
738	0	8	-1.7024560848903039	7.137413509798584	25	3	1
739	1	2	8.791879644774637	5.698524167288842	28	3	0
740	0	5	-1.4036134275596837	12.195432726163322	6	1	1
741	1	7	6.789428069321643	7.926049970966674	40	10	0
742	1	5	4.0704336417189335	8.316967323259586	13	9	1
743	1	0	6.624898738302083	10.12238069632277	7	10	0
744	0	8	2.679700022756982	5.765596528574706	33	0	0
745	1	5	4.005879306072391	7.718139814022096	28	9	1
746	1	7	5.723711663059287	11.637797040295265	37	1	1
747	0	2	3.0961185809727443	4.982968960864824	3	5	0
748	1	8	7.648697253330082	7.057344325030394	7	10	0
749	0	5	1.2867322524194367	2.927296635885827	12	1	0
750	1	2	7.497375755011686	9.950668812651873	0	9	1
751	0	2	-1.6036355708226928	3.497176707578702	20	2	1
752	1	1	7.064496637586045	8.193966510703484	19	6	0
753	0	9	3.8625382763659513	11.831379743727005	9	0	0
754	1	2	7.505956591776737	4.273501504138531	37	6	1
755	0	7	3.918919394928545	15.003392137964486	2	0	1
756	1	2	9.69795938202915	11.290618498834656	27	10	1
757	1	0	3.1218531523911417	6.312077807572143	31	5	0
758	1	5	5.762226146255537	6.117377426564955	23	8	0
759	0	8	2.1715296974608984	8.011231095550674	9	7	0
760	0	3	4.961417960454208	10.468563703858898	32	2	1
761	0	0	3.0602473857048786	10.830348755726055	1	3	1
762	1	3	2.65035813900168	6.835277345197534	22	9	1
763	0	0	-0.072440054298461	5.451578105508419	0	2	0
764	1	1	5.668908701359287	7.883890093455943	40	6	0
765	1	1	4.017625708538384	7.365649025383872	28	7	1
766	1	5	5.059951956803408	12.435469010313442	19	7	0
767	1	9	9.334459744946297	9.522519695408413	14	3	1
768	0	1	0.2051774799447874	11.933900628176474	4	6	0
769	1	7	5.910170122854404	6.362594719322772	14	8	0
770	0	8	3.0482282977207635	11.2771084747019	20	6	1
771	0	0	4.1577643442451935	11.359347336082925	14	2	1
772	1	1	4.741452601749851	13.113564624797535	2	7	0
773	1	9	5.267803231350027	7.583767665205238	40	7	0
774	0	6	7.413150362804154	8.348611690324777	5	0	0
775	1	0	1.9990783847067004	9.337908350369169	21	6	0
776	0	5	5.185572668217152	11.71780018472486	9	1	1
777	1	2	5.6716390403746875	8.037314002281414	16	0	0
778	0	5	3.7816394611709194	10.26515739872602	10	2	1
779	0	4	3.161052764068463	9.822999823459075	5	4	1
780	0	0	3.8155549501108506	9.865185132960319	26	0	1
781	0	6	4.134873452441489	4.572956390629402	7	3	1
782	1	7	4.0635739177915635	13.26633219672478	35	7	0
783	0	9	1.535278496590686	5.600223155001983	35	5	1
784	1	5	9.232015877320869	3.8546261044375023	14	3	1
785	1	0	2.9468349785236354	4.700155771203207	30	7	1
786	1	2	2.7255005628406552	6.359939054362332	37	2	0
787	0	3	6.875737200254564	11.801521447900976	14	4	0
788	1	6	8.519253574849424	5.1815406368234616	9	7	1
789	1	7	9.721474513695405	7.911517080234123	24	10	1
790	1	1	3.5809015920445986	7.8562993069427005	38	1	1
791	1	6	0.1840014460769559	10.237831937935521	35	9	1
792	1	6	7.512305766355868	11.054766864230526	33	0	1
793	1	0	6.43445726148896	8.932506143636191	15	5	1
794	0	6	-0.8843713498927976	5.829673208797843	35	0	0
795	1	7	4.001920190182792	12.053171207734799	30	9	1
796	0	0	1.4213623481975097	7.835672706532172	20	7	1
797	0	5	2.3239558540117624	9.083331856026705	24	2	0
798	1	2	8.892466234701686	7.1855362222502475	33	6	1
799	0	2	2.6613048650989417	13.52003747856221	35	8	1
800	1	8	5.480620028737882	11.182351039402791	11	8	0
801	1	9	4.570657307169677	8.402274783902241	36	5	0
802	1	4	1.4772117049277989	11.568394158561329	38	8	0
803	1	5	7.194084903393973	8.80633837010766	10	4	0
804	1	1	6.234700335578079	14.65960475223057	2	9	1
805	0	5	1.7088037434608723	10.277926534696629	39	4	0
806	1	3	8.883025538235847	4.197892419333263	7	4	1
807	1	3	0.256167202351705	4.05264547473845	23	3	1
808	1	1	0.7777707892102381	8.085133154273537	27	8	0
809	1	2	4.246564769339977	8.200458687036916	7	7	1
810	0	6	0.8048446369344	0.4161681537950557	14	10	0
811	1	8	-0.17575497303024967	5.445414903255083	34	10	1
812	0	4	2.4153339776934746	9.338691027106599	14	5	1
813	0	3	2.23407275513193	7.11672212300812	29	0	0
814	1	2	6.629147236676707	7.68173510797976	16	6	1
815	1	9	2.4455682445161466	3.3735937790003163	30	6	0
816	1	9	8.232778548466682	8.769250349694946	19	3	1
817	0	0	2.3457958359329547	7.893050251783155	14	0	1
818	0	9	9.269815082221116	4.1612450015371385	4	3	0
819	1	4	4.522242989858035	3.527678235281689	38	5	0
820	1	1	2.652913462053077	10.009827938992895	7	9	0
821	0	1	3.253644703547141	9.58822406886728	11	5	0
822	0	1	-4.6157409197006345	6.908729822019591	11	8	1
823	1	6	6.091211707291228	4.950538402266778	8	7	1
824	1	7	8.970172497142517	3.6652001162181165	24	5	1
825	1	3	3.5505247558338064	4.892244460560773	3	6	0
826	1	8	8.213341992059153	8.907838401504947	10	8	0
827	0	6	2.1056438715299173	4.498184955860664	10	10	0
828	0	4	7.081007018754754	9.63921702790103	9	0	1
829	0	5	1.1744967460197897	9.486376988934662	2	3	0
830	1	5	7.174358538865605	2.279071054093499	28	10	1
831	0	9	0.9656138939044425	8.448227075763597	29	1	1
832	1	9	1.5885920964288072	9.332097770454773	38	7	1
833	1	4	6.470151244960359	7.115025185015163	38	7	0
834	0	2	2.0549079307602613	12.21760795754976	10	5	1
835	0	8	0.46124497456539165	7.930836405885993	5	10	0
836	1	1	5.749178678222178	8.856316178167777	5	7	0
837	0	6	0.06370635559734922	9.093066420581993	21	5	0
838	0	0	2.254893413877179	10.2482355127785	20	3	0
839	0	1	-1.0799038196631754	8.788811062509161	0	5	0
840	1	6	1.5569155169701543	10.891595531455117	14	9	0
841	1	2	2.1617737737901686	2.1761990139805967	35	10	0
842	0	6	4.983753344852197	9.365818282023442	24	5	0
843	1	3	9.739374069421292	6.767091458168234	2	2	0
844	1	8	9.513125432431767	13.087201970415828	19	6	1
845	1	7	6.353556764969858	10.689776499285308	16	10	0
846	0	4	7.697441298579795	12.832910051533107	0	2	1
847	0	6	1.398862587837075	7.955601085871494	30	0	0
848	0	4	2.229648037002936	15.426363093914562	7	7	0
849	1	3	1.8117894193374349	3.6744011655657545	31	10	0
850	1	8	2.433992667187918	10.463088670858085	28	9	0
851	0	9	8.59042183560537	6.714459506474244	4	0	1
852	1	8	4.433640196687495	10.526947543364727	40	5	1
853	1	2	5.982026972644643	5.053702918135633	12	0	0
854	1	9	1.867995398964155	12.994660406242543	19	7	0
855	0	1	2.5070961254874407	12.728586436725623	11	10	0
856	1	4	0.556704530655703	8.228511970460485	32	9	1
857	0	2	4.186072521913909	5.353846451344889	2	3	1
858	1	8	1.3908160015158384	9.382484962435585	8	9	1
859	0	2	3.29712124723952	7.175100106179583	10	2	1
860	1	1	6.878367617924151	2.679810368088959	14	3	0
861	1	5	6.399665397898137	8.619886197693036	27	6	0
862	0	1	1.9938661577397854	11.698898165783195	23	5	0
863	0	2	4.266179232006723	13.299792114772261	35	2	1
864	0	7	1.9990420688424864	6.302402826228818	7	8	0
865	1	5	8.40830750601934	14.266023270757875	33	10	1
866	1	2	6.2966370297580205	15.073702394608064	36	9	1
867	1	5	-0.4307727874123566	9.49769699529342	29	8	0
868	0	1	-0.2718901700730887	10.613843656337117	16	4	1
869	0	3	1.979578978493995	9.49701663042635	10	8	0
870	0	5	-2.9503537899465115	2.9327806143551305	20	0	0
871	1	6	9.371516934263974	4.090097536383478	10	10	1
872	0	1	6.336246204353982	4.882117801304862	17	0	1
873	1	0	-2.268000595725309	11.848664477946155	32	9	0
874	1	8	8.633470869505967	2.5392989621969244	21	4	0
875	1	9	3.9095107568431517	3.9236909053898072	31	3	1
876	0	7	3.076748226954434	1.8380073472232916	30	6	0
877	1	2	6.251553757081976	10.550358774300733	24	6	0
878	1	3	-1.4526557507328262	10.51146388681623	32	9	1
879	0	7	0.4719279675165029	9.65692829320195	14	0	0
880	1	4	8.103071961200666	1.720346643627337	38	5	0
881	0	0	3.9709518752827297	8.681280887983377	14	0	1
882	1	6	3.129453659427973	8.087436165549217	30	5	0
883	1	8	4.505134063579088	12.034939997723157	16	8	1
884	1	7	4.980458660634575	9.216213145540042	39	9	0
885	0	2	2.8328844639734063	13.065096860549131	21	6	0
886	1	5	1.231631814442056	5.314009456919894	23	9	0
887	1	4	6.301499182810402	6.373021851744652	4	3	1
888	1	6	3.8440542840458973	6.2850922568643375	28	8	0
889	0	8	4.583015975499115	9.852495940208549	8	7	1
890	1	2	3.654574210003528	3.440177372951286	29	9	1
891	0	2	1.7735101036073226	7.481816752973145	3	1	0
892	0	7	7.152882930241467	7.6962368989798495	6	3	1
893	0	5	3.7597163267831566	14.46728575823204	7	5	1
894	1	7	5.244874292590185	11.447356811346484	13	6	1
895	1	4	0.9923178871647083	8.689675674531442	20	9	0
896	0	8	3.746126014022683	2.1962717170509287	7	1	0
897	1	3	6.6453123580171525	7.305165666034486	37	7	0
898	0	1	2.7266251875467677	12.199892873501513	18	6	0
899	1	7	6.543041218441532	7.932467467720528	36	6	0
900	1	8	6.667317220676207	5.429831699205513	15	8	1
901	0	8	3.333196543395867	4.59875728135775	14	2	0
902	0	4	6.2000799954531844	6.88367717378166	2	5	1
903	1	8	4.388260534159115	11.926837100110928	36	7	0
904	0	8	-2.3764342852083145	9.631621963125143	35	2	0
905	0	4	4.897027662382462	10.56932445982484	12	1	0
906	1	0	3.7819143761153815	3.6248571006294927	13	7	0
907	1	2	8.79065860992418	7.404551656205671	12	0	0
908	0	9	0.8370199912828369	6.721167819656291	28	1	0
909	0	8	0.747226431476709	8.485431975385024	7	3	1
910	1	3	4.403597810191931	6.612150913279825	35	0	0
911	0	4	2.8872763354680555	5.943312198364309	7	3	1
912	1	0	9.101088972002689	8.537994077663893	16	0	1
913	1	9	3.6549936844701025	12.224743113758812	28	0	0
914	1	5	7.380810062344645	8.908412882668648	7	8	1
915	0	8	-0.2994935787559148	7.014081969729599	11	8	0
916	0	7	0.030327727458316467	1.7208662683473808	29	1	0
917	0	3	5.810003236790135	3.9143388031605686	5	4	1
918	0	4	-1.2357062215862074	5.041358097170849	22	1	0
919	0	0	-0.5478440579008764	12.83679412229263	12	0	1
920	0	8	0.6612605762769934	9.174945354463228	25	0	1
921	1	9	3.0443601761571406	11.789692669866781	24	2	0
922	0	1	5.400699648630062	5.367279289372677	0	2	1
923	0	0	4.406397386479606	13.660044166425331	39	0	0
924	0	4	5.205847597524057	9.886684916261332	9	1	1
925	1	2	-0.8665510661963574	8.207855928410604	36	4	1
926	1	2	5.695971180989666	9.567102499072135	21	6	1
927	1	7	0.7449872185788021	11.13617441063133	20	0	0
928	0	7	1.078770807294069	11.935504085134866	3	4	0
929	1	7	0.24512727890706243	6.157809005507646	40	6	1
930	1	4	1.6101701243950872	8.497008375105064	19	8	1
931	1	5	4.945213209488245	2.436900854820549	40	4	0
932	0	9	1.2323212958446526	7.8189693786548595	7	9	0
933	0	1	1.8692444426593569	5.458428298785965	1	1	0
934	0	0	-1.0525843018825827	9.80172552526681	40	1	1
935	1	3	1.5317361967152674	8.313233869930766	32	5	0
936	0	4	3.834928278980105	8.152346712439583	7	3	1
937	0	2	0.4570431880837198	11.739280774209213	20	4	0
938	1	2	3.4532582196426893	8.445876018305253	26	10	1
939	1	4	2.9270630464341068	5.12920689241008	36	5	0
940	1	4	4.142861251988926	6.255694494626935	30	1	1
941	1	0	0.4898276818027858	12.606597162345537	24	6	0
942	1	6	4.0437156509643755	11.941140848464983	31	2	1
943	1	8	10.304558388711143	13.534538114478558	28	8	1
944	1	8	0.5696035691200425	11.99664962546587	23	2	0
945	1	1	5.580798966206533	7.558635399089548	30	6	1
946	0	4	0.1911630705302435	6.318780616150199	20	2	0
947	1	8	4.031042469348418	11.721401960299254	37	3	1
948	1	8	8.81029915217357	11.60988342505922	34	6	0
949	0	1	1.8376154559319273	4.730981558874572	4	5	0
950	1	8	1.710697170208722	11.863816404452304	9	6	1
951	1	5	4.2906992241713	8.25875216306114	26	9	1
952	0	9	4.539775065594112	4.506755968806733	33	1	1
953	0	9	-0.04875091279444892	5.595590647654022	3	1	1
954	1	0	4.672119540389863	11.325132913519273	33	5	0
955	0	4	1.647966262360199	10.826156385196315	9	1	0
956	1	0	4.265523732028379	10.092642218257268	14	8	0
957	0	3	1.150065862235025	9.889245604794702	10	10	0
958	1	3	3.4310000372700156	8.504775790842029	28	10	0
959	1	3	-1.9389454320538193	6.287286590385092	2	7	1
960	0	3	2.609147753042656	9.975342975744155	13	6	1
961	1	7	8.202526792926726	10.699393972063469	33	1	0
962	1	2	7.383626765769741	5.429450585486091	5	5	0
963	1	0	1.87154197753125	5.692691884234003	32	4	1
964	0	2	4.264200946379355	8.33050760980467	16	7	1
965	0	8	-3.3010761886799127	9.00455893718655	12	10	0
966	1	9	5.718220532847884	6.55328710204558	17	7	0
967	0	5	3.3697246724342396	11.48437448201479	5	5	1
968	0	6	0.5541056809599733	4.213848123814957	27	6	0
969	0	9	0.8081263881306244	6.448741642617652	12	1	0
970	1	7	5.8284233217304955	10.20032143635567	8	3	1
971	1	4	2.687143244654706	14.27878659906147	25	4	1
972	0	9	2.5862695152668707	5.045020649969728	21	3	0
973	0	4	0.6564018373696917	0.0	14	5	1
974	0	5	5.594821686970153	4.530839899367514	3	2	1
975	0	8	3.000845679492371	2.346757351882009	38	0	0
976	0	7	-0.9636369112797356	6.735185580694491	34	5	1
977	0	3	4.490190959880708	9.951025237211898	11	1	1
978	1	4	4.996945039750212	6.786291985612806	13	9	1
979	1	7	7.482316176737848	8.218479092731679	25	1	0
980	0	2	5.648997834047351	9.088170719923554	16	3	0
981	1	0	-1.7953644358239655	9.142046224453475	26	2	0
982	1	4	4.1861499061997876	9.95045365125032	18	8	1
983	0	8	2.1709393283147724	4.39173324651607	27	2	0
984	0	3	1.7067181055124143	9.55481520669778	10	3	0
985	0	5	5.900383682266704	8.126931465808964	13	5	0
986	1	9	7.065940121788657	4.534697591552273	33	2	1
987	0	7	2.52836926968518	3.2689213312188174	6	7	0
988	1	8	6.089182136361035	7.857499874831023	30	2	1
989	1	7	6.58279304705475	5.71500647998191	25	7	1
990	1	2	2.9388909639395107	10.607703141065873	25	8	1
991	0	4	-0.7551860354908213	8.941068188468414	18	4	1
992	1	4	8.833689314310677	9.309933624742413	40	2	1
993	1	6	7.87327122131966	9.94426802815773	10	8	1
994	0	1	3.037216913969803	11.005818948383205	17	5	1
995	0	4	0.9005882787163745	12.5452561717026	14	6	1
996	1	6	1.0914074314123017	10.239944245853554	30	6	0
997	1	2	6.0942932504916305	12.263075964923209	33	1	1
998	1	1	1.4974860829353187	6.573669008207952	39	1	0
999	1	9	4.054837333383494	11.88983140519728	0	5	0
1000	0	5	1.0881072578716426	5.029062018571134	14	4	1
1001	1	4	6.222173126656707	15.308480869223112	21	6	1
1002	0	6	4.449570818975797	6.419488294225865	12	4	0
1003	1	1	7.695027264683066	6.308211730207797	31	10	0
1004	0	2	2.416752015076866	8.357102077012222	1	1	1
1005	0	6	3.9662203731585257	9.126460905100418	20	1	0
1006	0	8	4.5859096344222365	11.406306347467769	10	3	1
1007	1	9	11.029474797397873	9.877186185682895	27	7	0
1008	1	9	4.936404601998699	12.012432045336652	19	9	1
1009	1	8	6.769095036199024	11.783844133370105	3	0	0
1010	1	5	3.4756952520144995	11.980983892121076	27	4	0
1011	1	5	4.778796518944657	6.192695837849268	16	5	1
1012	0	9	-1.2796912248806285	15.040779833378112	5	4	1
1013	1	8	0.9082959882379562	5.8898803544046565	26	10	0
1014	0	6	-0.23679438387248863	7.56084083134789	5	3	0
1015	0	7	3.5427126391780175	7.922956528886064	3	9	1
1016	0	0	2.3496993334973806	9.633381610904992	4	4	1
1017	1	7	2.0021615469421765	13.47342526102109	15	7	1
1018	1	2	4.698555214221551	7.382389107395412	19	9	0
1019	1	5	8.186808183503315	13.431399042520189	13	5	0
1020	0	8	4.825696998614104	1.942084379873597	12	2	1
1021	0	3	4.9127289070444435	4.928789197038418	5	2	1
1022	1	7	6.03375164072119	6.3764377490557145	22	7	0
1023	1	7	7.734900622639004	9.485854881821094	18	6	0
1024	1	8	5.2842402390475876	5.881263960222771	16	8	0
1025	1	1	5.102805601059437	5.825158783094099	14	8	1
1026	0	4	-0.10339529552730832	7.901496478409397	14	2	0
1027	0	0	5.070956333773727	7.853831811374201	19	2	0
1028	1	1	6.240676317507729	7.346803418593905	29	6	1
1029	1	4	7.898267933592747	5.497338171654186	28	5	1
1030	1	0	-1.110425659979824	4.317765729440148	4	8	0
1031	1	1	1.8211297648890885	2.5646198952174815	18	9	0
1032	1	9	6.6241818064845805	7.633354631697685	23	0	1
1033	0	8	6.647331766527134	8.745539261746044	8	8	1
1034	0	8	3.784708646594866	5.266661003880995	20	0	0
1035	1	6	7.817345966222097	12.04206511743474	20	10	0
1036	1	8	4.678235079586328	8.92964168271843	26	9	0
1037	1	3	4.43729499430395	7.257843971361613	34	7	1
1038	1	6	7.418654114267412	9.755402700030182	28	2	0
1039	1	9	1.4363130904321584	9.71574011871363	30	8	1
1040	0	2	5.1851107525861435	15.378445656589518	32	0	0
1041	1	6	5.126477816831344	8.687027810318584	1	3	1
1042	0	4	2.1543251877035807	7.887047855966107	24	5	0
1043	0	9	2.379271158437138	2.7333219986565203	22	4	1
1044	0	9	5.644793422082179	4.6802891353954745	5	4	0
1045	0	2	5.2575330641250355	7.3817124089696655	0	4	0
1046	1	4	7.937720782704934	5.2898413061412555	39	4	0
1047	1	7	5.4924676324854715	9.490548181080268	5	9	1
1048	0	5	3.952008284763464	11.231254524863587	24	1	0
1049	1	3	1.9099130645214824	11.842291999281954	28	5	0
1050	0	8	2.8815796143234937	10.048722209521035	13	4	0
1051	1	7	6.873564750281607	7.876003932535511	32	10	1
1052	1	4	6.163819292506327	4.129034996837248	19	4	0
1053	0	4	8.23785027027711	14.281357487872294	7	2	0
1054	1	9	7.214766162339126	12.926157481122807	32	7	0
1055	0	2	-0.628378275624894	11.647895846375219	40	4	0
1056	0	6	-0.906645913794405	8.059401368796925	6	1	1
1057	1	0	5.459542893869372	5.0420076135954295	3	1	0
1058	1	1	6.421624497696942	5.320885248552741	26	9	0
1059	1	6	2.3860948423427026	7.87355285759441	40	4	1
1060	0	5	3.2874086083351077	8.783351397440917	6	2	1
1061	1	8	1.0547223058807194	4.808065566097467	23	6	1
1062	1	7	3.600642211562886	10.773856789063593	31	10	1
1063	0	4	6.3221208299862806	4.662355375452974	6	2	0
1064	0	1	5.797922527012565	12.32602761755324	11	5	0
1065	0	7	4.217561542122165	8.660854595549516	33	1	1
1066	0	9	6.592679428896268	6.652267145825654	5	4	0
1067	1	1	7.359554506172284	10.30982502628649	40	7	0
1068	1	2	7.900397133480802	6.227236631335412	37	2	0
1069	1	6	-0.3961487015405491	11.797045799787256	35	0	0
1070	0	1	-1.3603566172876904	10.080508531065693	21	1	1
1071	1	3	5.8624134988729395	4.5851753520847005	35	0	0
1072	0	5	-0.8243129745113661	6.123745889577626	20	0	1
1073	0	7	0.9252427383016505	6.170821724249361	40	4	0
1074	1	5	5.360601885758838	12.469136636932973	26	6	1
1075	1	6	5.1565687011181005	9.177112633131195	36	3	1
1076	0	7	4.582132729059618	6.295442085438417	19	2	0
1077	1	0	6.228072561274075	6.449245884080963	25	0	1
1078	0	7	1.9393378130648498	9.763845640281927	3	2	0
1079	0	7	2.488317123544495	4.414770682274347	34	1	1
1080	1	9	6.194150890035985	3.635746629767352	11	8	1
1081	1	7	-0.7005547698109804	3.9555613374304075	38	5	1
1082	0	2	1.761147030726669	11.37948875110246	25	6	1
1083	1	6	3.286626112834607	12.763627724123872	18	8	1
1084	0	9	4.1979729342201075	6.508984122023283	26	3	1
1085	1	2	6.262996714383388	8.912168602094798	0	7	0
1086	0	8	4.921195018799769	8.349079004404766	15	7	1
1087	1	3	5.550764618857309	9.606064458111756	21	3	1
1088	1	0	4.90659123801871	4.211193171357364	3	7	1
1089	0	3	4.38678944815529	10.478721479914011	16	5	0
1090	1	1	2.1829052526772346	6.109183699918647	3	9	0
1091	0	2	3.7182314125414573	10.426100264077856	28	0	0
1092	1	8	7.037646985226099	9.741005689055756	34	3	0
1093	0	2	2.4498886095591015	7.337578922160768	37	10	1
1094	1	3	4.881081168650912	10.457046603670856	9	7	0
