height	is_hiker	motion	texture
2.1060863409158106	1	1.8467638382329084	5.244758309070893
1.547060896587481	1	0.0	5.119397928761475
1.567957061934136	1	2.507984336615379	4.775944096953242
1.4317578444609573	1	1.6759676709799933	4.694602498575794
1.9163519073311697	1	0.4889233920897973	3.985027465407356
1.1246153257799292	1	1.1285779344050424	5.303973293044567
2.13620294105412	1	1.1351700585344129	4.822945558220155
1.5096982747762242	1	2.6087490823417023	5.0762907450607475
1.7797597740142745	1	2.5616380965234056	5.25063742452042
1.6376574061306475	1	3.514750382482251	4.606798614652319
2.0655269842612434	1	2.647924812312918	5.5084978428362845
1.1849648226255864	1	0.6483506146823257	5.056555290937014
1.6193956989966232	1	0.5907907235278087	5.7484976238306364
1.603986411332896	1	3.130725354529131	5.084468833928136
1.9834423605838594	1	3.566686201096144	5.159312347660001
1.4250271831714922	1	1.7622519018546365	4.863311430802191
1.656892948112391	1	2.5588029881851115	5.738206996422348
1.480535395519657	1	0.4951087162204877	3.9482536090990865
1.7105534366788981	1	0.056078241668212625	4.733584019439723
1.8457038034289555	1	0.8259763234571562	4.847473003025978
1.4248452056967698	1	1.6428124743969836	4.234789632447359
1.9861809274599036	1	1.478623614591962	4.602648674120546
1.925397680148199	1	1.7698859365487327	3.9139386447674926
1.825623584725467	1	1.5089855673008898	5.095193618637318
1.925213987316103	1	2.6793011449496626	4.297386227961865
1.5290680352064168	1	3.4275469513273444	5.18493023686018
1.669277443620338	1	2.0361974627604353	4.869109152019343
1.4660576414352327	1	4.029997487440461	4.583643243607606
1.633027980093496	1	1.365595289699154	4.223108695001424
1.8325888666845465	1	1.4748966060610607	4.65857607777413
1.5270848120686726	1	2.3877346627429503	5.155311910107735
1.6008116182860057	1	1.645201237989326	4.937276403066714
1.5282068249701002	1	3.1770522557766414	5.333121899643048
1.48869858962532	1	1.358892184802111	4.605834865738756
1.5321884672907953	1	3.32269398510864	5.802996760782739
1.6968338502702747	1	2.194175016293777	4.881023291817736
1.4206724128411805	1	4.56545278071678	4.577402285467879
1.758603924454273	1	1.5358850943517943	5.655079615695731
2.1149505442774674	1	1.7973060922925377	5.678783238981483
1.8855110401443338	1	2.145651817286488	4.954915341455283
1.6520411119095961	1	0.0	4.757848941666743
1.4780927589787909	1	2.6022651275385376	5.4550373194678174
1.5132104265622905	1	2.480846113265169	4.552931515918303
2.1231136502569368	1	2.109318363905435	5.467595770896401
1.7127019386940072	1	0.4556042186133018	4.306409740019605
1.5407510883576616	1	0.4534389600313429	4.958303363548313
1.7477288711668664	1	2.5866185186008446	5.005877753596609
2.2250637841197105	1	3.175178687557355	5.604049730570274
1.7300397381204073	1	3.5944646318222215	4.085390183125051
1.8543007774268547	1	1.1045584760500806	5.117218360983938
1.7750425799889569	1	0.9692019722412164	4.939644766611994
1.6119375383766203	1	1.7280612003154496	5.0014541435790445
1.414370450494465	1	0.024269858126163335	4.557947227099103
1.6126643193967807	1	1.4110688239562557	4.349052584754697
1.6477764416563054	1	2.8517896375153162	4.768431469124664
1.8466557977955493	1	3.634602501369415	4.879168107664869
1.9097458534686262	1	2.279155453634664	5.7375917391544125
1.9327755203258894	1	3.6405536485552688	5.055690821765725
1.7713968313135646	1	2.4108729379990708	4.997861872664618
1.921285291067682	1	2.19136391513892	5.349173146307196
1.5114005147508367	1	1.8285588125224668	4.194072679546105
2.013217038808322	1	2.1869370457719954	5.361283223575514
1.8282324551045022	1	1.7451470527561108	5.457688070653738
1.625476791224321	1	1.8590892476098417	5.453571933777309
1.8221295366343742	1	1.3381081650603275	4.833502968860011
1.681107071744736	1	2.2590319017920035	4.382375002034824
1.9829073468628566	1	2.0144484150177866	4.5075357472027
2.0799542041055497	1	0.5204199653838879	5.12372693447336
2.2463938516332904	1	1.7592994982480137	5.26838242261865
1.3508759161279655	1	1.1443286076055015	5.638274887757048
1.3389715486426026	1	0.0	5.760717022507249
1.5738835342633872	1	2.4838836493413234	5.43562414044464
1.7400092673619576	1	3.558688254522381	5.016964399195701
1.9190422302790562	1	4.369730189064904	5.132459978355101
1.7789087368104013	1	3.5624195294929635	4.882343815122609
1.1944496960439992	1	1.1291984473919392	5.527434226085744
1.623448996842907	1	3.1752449927080537	5.297135774668069
1.9069936606518114	1	3.1198990035561387	5.107929836180303
1.7575236838410957	1	0.012170468605378293	4.372199730980066
1.8905027950780062	1	2.8612885153914505	5.5233306924789
1.6444179643474102	1	2.6271770353915254	4.236556817188143
1.6498104827675006	1	2.162808250306792	5.615891093690271
1.746640347747071	1	2.288616715676805	5.492314751988367
1.802512911802064	1	2.058307382744084	4.206465589956888
1.7495749300316923	1	3.6319358486550284	4.9757678319785645
1.7297521614518647	1	1.5982111661681129	4.379302870035647
1.5323344284277423	1	1.8000606067787206	4.927690340063616
1.79439094658023	1	2.007388983706184	5.277584986759549
1.7304553177478592	1	2.275664075150072	4.931680950146611
1.9823709769779798	1	0.2367501990087686	4.318065987689782
1.9997294699753767	1	3.3879738095489653	5.130413638594636
1.7462891043709858	1	2.226199756843157	5.129743853283211
1.6061787624774715	1	2.569124595824779	4.986382594719752
1.5403173981364444	1	2.1973159917477902	4.477430512603595
1.8058735885160282	1	1.813558728716116	4.825109168984352
1.7193350170871398	1	1.6447584865030382	5.1342635842091875
1.614036581107231	1	2.0961141423395206	4.922475089349168
1.7108992142085617	1	2.152052340933429	6.056311059653169
1.5449997890129676	1	3.1552617554181506	5.128039718725982
1.8745080085180548	1	2.346057746284674	4.896619332970815
1.5882178588035003	1	1.8665113306339394	5.241298975762079
2.006126926201375	1	3.9865651109424	4.447283823386136
1.8008729104477	1	0.7205738436864779	5.210377599926538
1.8483946308092667	1	0.6597908240964994	5.808397113761716
1.4262720385647394	1	2.3546020521128277	4.558114340713328
1.742345608264667	1	1.7876267145093796	5.149417509534218
1.8851391127740686	1	0.22540401177516634	5.383556548222411
1.4615748495480163	1	1.6877703386221878	4.153325645963948
1.6334453734990944	1	1.2893442293192172	5.819444465359433
1.7081536366733396	1	3.1311286004249617	4.477500905465893
1.356720669938311	1	1.378748229569755	4.8324729711817165
1.7787898480105728	1	3.0506146488672723	5.190336088819058
1.9115401618962582	1	2.4597817002101836	4.883698557959502
1.4851210147920033	1	1.7936690879551203	5.401468333558231
1.7876364946660268	1	2.021171828588149	5.075462708487679
1.371929147190642	1	2.428658739633886	5.284875645502335
1.6903261226834871	1	0.0	5.037486711851683
1.2960569113241762	1	2.3270684075693673	5.736000807283931
1.980354427058916	1	1.6208803891991614	3.9922509955034036
1.8022251344842068	1	3.7979193663881117	5.1820471233068695
1.6938457610310553	1	1.3087310432378376	4.8496924360996285
1.5062095952077101	1	3.1425639200052213	4.520483691509643
2.0184389825396942	1	0.0	4.59419499471358
2.1917754373136837	1	2.8146250149842884	4.714010010910272
1.235504533888312	1	2.276102753923275	5.289205268366401
2.009041007613205	1	1.7529835091142647	4.551934781876758
2.1069126882872267	1	1.8791106895136636	4.918408211819291
1.784502924143619	1	1.7394394093776488	5.137624435057895
1.4001829919162034	1	2.4230032095832756	4.4221041744503555
1.9158363293860052	1	1.8657514353696814	5.556174326293321
1.6547699244804623	1	0.21226229158215792	6.210794651968815
1.5490198430516857	1	1.8141891432196713	4.66299134639676
1.3924854660832595	1	4.234721737625886	5.459723592209108
1.8376343739940537	1	2.0468462048583014	4.845160259790142
1.8982017164798368	1	2.2907879464687055	5.266683728213478
1.544117317580052	1	1.5619454925123766	4.90914740225686
1.8301440842683427	1	2.1740544661617287	6.104330814990554
1.4139146525942143	1	2.1779455579616105	4.837834092191583
1.900465257967836	1	1.7387980805434884	5.396965204571407
1.7116418246060363	1	2.8632633989374146	5.303683076308847
1.6533575570231627	1	1.0769220429156707	4.4580199315576765
1.6745635318677137	1	1.8698047917983245	3.9198652934753495
1.9172215392514669	1	2.5050537522920977	5.289543607875018
1.887602909966252	1	1.7329958206580853	5.422259219788441
1.8323663310881773	1	0.7761203494247553	4.7316472908963645
1.7344253024993466	1	2.558264218567637	4.683312666231172
1.7194552819781765	1	1.017839041971331	5.4884016277810685
1.854595065499631	1	1.5526918382466226	5.426416712456399
1.7581236397946844	1	1.171852410811726	5.47793832368224
1.8706378517161213	1	1.8892715859589015	5.13070101777011
1.622470806620485	1	1.5706140267869868	4.605861769438853
1.0912905589732151	1	1.525410132920592	4.3910133101527
1.9597061504648534	1	2.6809789273140514	4.003431727133862
2.2467449117435643	1	3.7626089014166477	4.971159121047831
1.8103411108921454	1	1.642485785980987	5.959584379396766
1.674961191679125	1	2.522655174098122	5.238947278019167
1.6658888140259918	1	1.6445865095078585	4.960129878230104
1.6702364530562974	1	2.0989422460324962	4.239626891683549
1.704352352075001	1	3.127751344950229	4.666034966714546
1.4194953178132779	1	2.0502932390270487	5.002469387811773
1.570726385519943	1	1.1844526487952538	4.888890262160997
1.4507432930874342	1	1.2700733877123604	5.454169845084625
1.7621997903469426	1	1.3832535749388333	4.920696615053176
1.6258397119072843	1	1.986695778692503	5.347652997619678
1.82380283099449	1	2.858011452091081	4.942890869934312
1.6563242100643747	1	0.6412031588980704	4.905116416778141
1.9465837969553104	1	0.9627108306450154	5.62956676479988
1.7533834753338604	1	1.0754587884239524	4.6240112828945295
2.2476749322424334	1	0.2505945782707779	4.858473566039272
1.225909769277227	1	3.325922683488482	4.353631298687747
1.538270827936273	1	1.9636213562359055	5.048369677298369
1.9253717229121776	1	3.9007793197238256	5.534750500516894
2.3320814267015995	1	0.5756663248189984	5.3407009550668025
1.637841305571135	1	3.2941823132591743	5.367005904959454
1.7109172482945971	1	1.2983514678360364	5.526521188011337
1.6434214393715987	1	1.5926303148256158	5.312609093483655
2.032864278146898	1	1.0110355429084623	5.3791297160746
1.6281730341309952	1	1.050136140512341	5.201862038538808
1.870017459969526	1	0.676254588771446	4.512305727314429
1.6200496002753322	1	2.216332957620474	5.2630475498336144
1.3818603111885013	1	0.6857989674731779	5.472943187412052
1.778386930115858	1	1.7581981346771272	4.554045172390645
1.8257962033588315	1	1.9907984557566003	5.117994990516099
2.0233064706330652	1	2.6666106854061105	5.541406535785557
1.672388243395671	1	2.1003917223995474	4.813261772305711
1.5456594840719098	1	2.3213258334625877	4.339446713172065
1.8406902741547566	1	2.514411560566322	5.030766985931479
1.760184273059433	1	1.9827491347402828	5.796842779760843
1.7701662692806597	1	2.363347918574265	4.5435272903614194
1.6817218240631806	1	1.0202798085550204	4.947304964797208
1.9900846424984424	1	1.224529565296078	4.624484526410827
1.7923731790939308	1	3.8975108071393505	4.8205163529714765
2.176164677085245	1	1.9882657856234422	5.117385640525454
1.977764174640126	1	1.2894993253330451	5.738406804313092
1.8647624490250525	1	3.3798799010709466	4.641677987015821
1.2931404148459356	1	1.8431573894852316	4.645672502885836
1.8505798200739072	1	1.3535089732160062	4.563748779805952
1.8050705509117648	1	0.551008451477955	4.453104777256089
1.9027379182008888	1	2.7794918660522114	4.232649969893941
1.9611105236768147	1	0.9136990927891082	4.574368900494736
1.5997804520527683	1	1.460967419979963	4.947093365261694
1.906001404612602	1	2.644099987942935	5.020432693264202
1.5594236422452274	1	2.1836335742581205	5.586224593760372
2.188719518752259	1	1.9135731261581919	4.589199757713603
1.367012083370688	1	1.7860122184384717	4.610030938003879
1.259827859900304	1	3.145927354134322	4.621581379738571
1.2873196835439749	1	4.230274147801679	5.097872959527402
1.4773611039592378	1	1.4512391708476147	4.9207637916699944
1.420221150360068	1	2.568904090502716	5.388604397555611
2.1890197259259105	1	3.9288003053541174	4.605429596591966
1.618375125480454	1	3.07905705495073	5.456629426297014
1.364331052655641	1	1.3131683742216107	5.47125657150697
1.978595744194948	1	1.569319372926051	4.868766148965863
1.5533690152946018	1	1.4020314574997617	4.688731273195487
1.3907866558646507	1	1.0865565903452268	5.09058454473941
1.9189597319123248	1	1.3760948473313377	4.6042331172602085
1.855840544144508	1	2.26187547894034	5.99610236783873
1.591260829261193	1	1.412970994845196	5.0704436515555855
2.0518850000603073	1	2.876199862650358	5.3962203842818575
1.7322753949276812	1	2.123255463572793	4.366446349748899
2.104237399714325	1	1.6028743171438582	4.124621207604919
1.825685220499976	1	2.8860899202069916	5.343633102591827
2.0897013851549646	1	2.3189718257204603	5.2579433594779585
1.727350674106357	1	2.2648676257857705	4.619697621543389
1.395063900755242	1	3.0400384545344803	4.716612175098674
2.3123421622653493	1	2.57326544852504	4.6600280996117736
1.563556458004358	1	1.8911015331619574	5.113913457430307
1.6502905342777758	1	2.9375548428677463	5.461926064002749
1.5249003737696862	1	2.3093178022046614	4.227569895029612
1.6491513877588604	1	4.917308762873108	5.239372565583473
1.7606673602704486	1	3.09868850104712	4.56291613956428
1.750457544718501	1	3.1532126213747222	4.734534017848894
1.8652550718996732	1	3.290993371628489	4.919782395961986
2.1480395522438918	1	2.0798396112562862	4.319272979925822
1.6698838570528731	1	3.312895411529728	6.421969284869649
1.3917198161383932	1	2.0233570275696575	6.21248873726672
1.4044204683725916	1	1.1688265968145974	5.376134929512041
1.5335613704502182	1	1.4360135415898432	5.328007590709268
1.281451048095267	1	2.527950554332539	4.478194903707018
1.9062574561097465	1	0.43888010934131305	6.188674437941842
1.5754466090922303	1	2.2083529214542517	5.009158632435703
1.6222537554242873	1	1.2716499145526277	4.938302245000517
1.699527129290499	1	2.7182163825618533	5.60199678954148
1.350844893851142	1	1.2538262893426528	5.130400032792906
1.4846709098059894	1	3.8723032622753264	4.611698194395737
1.868677881421993	1	2.7678181289908625	4.890539284751245
1.8546347826965732	1	0.7311410408262002	4.811957110373556
1.5892070173248405	1	3.7587593500838343	5.032327846684836
2.152633728531364	1	1.7727474906396554	5.277228769437222
1.3735682693605655	1	1.272523890280199	5.266379451921417
1.6137531974612551	1	0.9762006836738013	5.650600945893125
1.6422900642161327	1	2.5677647396556527	4.997948467892367
1.001728749963365	1	3.5045218666646716	5.47903425913303
2.18438220340402	1	1.4215730274683547	5.853330920741071
1.7915830036350144	1	1.0023791581619474	4.3869886961011115
1.438852654523052	1	0.8602999119672163	5.356285281745255
2.212793360714361	1	3.4964053113602143	4.463833944903748
1.8464155000430955	1	3.6707292217109244	4.246462204645925
1.8073815350054911	1	1.651528859880702	5.792331019793718
1.5482504004499884	1	2.5377050874408873	5.567741984398012
1.7265556810088043	1	1.9970945497244585	5.261686471956402
1.3185799209426605	1	1.9393696977207575	4.761534301177823
1.8987565236062112	1	2.9640226322174184	5.751780612055148
1.6063904202891948	1	2.4409560006804436	4.31641613748058
1.7335120491386558	1	2.3294899667614772	5.0336964599094465
2.0005137155499266	1	1.7074210646400918	5.242588776831274
1.7711870277122643	1	2.815600359710878	5.643563466601558
1.7656168613658172	1	1.7179940975890395	4.236786150313218
1.769124826205546	1	2.0499224880678564	3.46792932194745
1.5166820990261718	1	2.2194774937754365	5.057685156643133
1.909001179858567	1	0.7988443447465501	5.1587135776721835
2.085839777701121	1	1.7009050332388558	5.086840136338541
1.8897014150244826	1	1.6873969863349283	4.561376569344194
1.9212272036162208	1	2.1012030864983195	4.977919600079914
1.4806796202704529	1	0.8881819092244787	4.2299604643292605
1.4830531942817686	1	0.8134482990549914	5.2102966958425565
1.33978099392704	1	3.623462103293086	5.4462941979152255
2.008063267707109	1	3.1564436063936467	4.633984057697407
1.6364550330981578	1	2.8890393567021024	3.9980291160874515
2.0499609856202463	1	3.824818786589987	4.935109144872431
1.5045220793282998	1	2.4195952375495597	4.9007498402996506
1.5906227542928546	1	1.9089212650728202	4.959696502836879
1.7238562717978143	1	2.48217574843346	5.651787725728801
1.9303625171648777	1	0.12071300854983158	5.069297739559266
1.7151875489498767	1	0.9019168545789686	6.04206142384545
1.7527811887519291	1	2.7586370630214483	5.190371726654944
1.704131891826404	1	2.0326154831566763	4.45638316466637
1.7442969300689901	1	0.7223636649187652	5.56680672913923
1.4208824955288137	1	2.6585368715597957	4.954827816194331
1.7202317752433196	1	2.998901648993281	4.7556145713341476
1.6533552516221335	1	2.667879561364335	5.139700675610833
1.6857938797785381	1	1.969703220561188	5.0573919057003165
1.823084138984162	1	1.1639505199476154	4.220702903591448
1.5298304647477785	1	2.107594938168515	4.575240611792595
1.6788729931488424	1	2.426924328825684	5.576003285007325
1.625659529306624	1	1.6414112023346954	5.087963946229921
1.8043255012437156	1	2.6030359101266987	5.319492976846605
1.8961926627538974	1	2.314431933752471	5.510076322257676
1.4611436844065777	1	2.3331145504714987	5.896306535816254
1.846477607775654	1	0.0	4.680451749901604
2.2164458300547087	1	3.081092993021092	4.648302470737006
1.3322107685418438	1	3.7243917199518872	4.5377452027258345
1.4924570261712216	1	1.5975323754303836	4.6997747292220975
1.4798556000389573	1	0.5231010188145191	4.543706616435227
1.6302255696141774	1	2.6389293194198085	4.992499633751092
2.1057122714885	1	1.5343402675661668	4.945883615539468
1.7033381690867941	1	1.03298762899179	5.290619135860455
1.5263266011781933	1	3.217716255875353	4.404674383219562
1.855450876076393	1	0.616620647513836	4.6730877383433675
1.550048867232288	1	2.7174286220370574	5.179730532825644
1.9808530405054838	1	0.7522658790941796	5.3493239887922055
1.7763167600610026	1	3.462267982775474	3.841691344790889
2.047194849092567	1	2.5165524660423713	4.698964688822371
1.5346639392117454	1	1.74260500349317	4.873189805203011
2.4577142780930075	1	2.1493699581148875	3.979422910331398
1.9061461562583644	1	2.5820873874833423	5.224350178386581
1.8636450381466751	1	2.8298943774311116	5.602063763129404
1.6872028880980838	1	2.8277914282922314	4.02845029384854
1.5186007202163931	1	2.546730265916426	4.217535616013688
1.4830578305941025	1	1.522618337767339	5.476091063370206
1.6660056684748525	1	2.664079547527373	5.567669614059517
1.5006825536267177	1	0.6886756179905067	4.363612181267422
1.770668928062105	1	3.004093104601491	4.506189643647969
1.4934756420381698	1	2.873005837315531	5.329709403367841
1.855270675209752	1	3.3940810425004297	4.878488134153223
1.9390304260311741	1	1.4112203928314795	4.739341784612988
1.523539873149429	1	2.1862116984696036	5.7970686898167205
1.9981715169386733	1	2.8582860008822077	5.1488995192304845
1.6405145160619543	1	2.317857879102256	4.090275578897765
1.9888219715220563	1	1.5733327159615471	5.1266569528613966
1.8095415868228093	1	2.307331067047058	4.297371169995
1.980582080414273	1	2.0680320346684122	5.371028289858014
1.4507450511175795	1	2.9957039414105044	5.49099682885958
1.6733015033051937	1	1.3715374472452093	5.21928099904452
2.062857315147734	1	2.3394878055689876	5.463909926469791
1.5454907880796052	1	2.292931125680571	5.982139728627854
1.190699693579801	1	2.7573281242970626	5.363339983017741
1.214352704630886	1	1.927107754788124	4.814020029580623
1.0733898368309847	1	2.1273146355720884	4.4533480456155
1.1714590195207935	1	1.9290503250991415	5.112225367346885
1.5970902092028794	1	2.034065862553852	4.482480914864623
2.0196320207104304	1	2.008359162757483	4.280627363454762
1.5894426801217068	1	1.6732554486182427	4.769075247529477
1.780881838400358	1	4.82729979405965	4.110840937434165
1.6725021274590983	1	1.156088512062197	4.34976310853701
1.7021372363590062	1	0.8265900936679058	5.250578195498801
1.657950290063821	1	1.204373387210875	4.762372363317689
1.6564549139230023	1	1.2899474510069475	4.846682809648699
1.8152910249942544	1	2.011436571155416	4.98704195067092
1.4060043321396711	1	3.4309327978426367	4.022904092137275
1.952531794333681	1	3.6883837829950057	5.093111872759107
1.9300044833119407	1	2.2373243639631935	4.998085028466761
1.6512356647810247	1	0.0	4.9773967651448405
1.9013483560580453	1	2.3843593530746587	5.171423155297641
1.5246638934357057	1	0.6893454343746062	3.9175362152968987
1.5656942440311654	1	1.4992984248124923	5.955914756020608
1.7390659625675209	1	0.850277211858858	4.8483244426114664
1.6524447437287846	1	2.425622579611037	4.282893141505446
1.5878154918320944	1	1.373392555402948	5.055764939269907
1.5318879903033509	1	2.772119677440699	4.364416138455299
1.560626319553489	1	2.477302396391884	5.033196349922846
1.934792186049122	1	1.7599304332472092	5.270301116045519
1.2141691485829118	1	2.080560370602088	4.34055158628339
1.7881235910923332	1	2.9174197664022405	5.4227132145619406
1.6408907620467532	1	1.6278680841238775	5.065546099837486
1.8819533749999122	1	2.9156188854932337	5.174541842107327
1.8287684034098413	1	1.9806839933124198	5.202034052573859
1.0043663830867693	1	2.2693974528048613	5.25621707340284
1.8461616526193565	1	2.79924087113552	5.560180899787567
1.7810685608621053	1	3.331532523578928	5.430227223889297
1.705465709156638	1	2.5208121988777386	5.243455176736892
1.582831545930527	1	2.0583718839629968	4.617830186865201
1.9133203054889054	1	2.720685934762169	5.1431655512346035
1.596742672572242	1	0.45455236258020637	4.721083022797073
2.1586794066624218	1	3.6389616031539602	4.275623863164214
1.8410957138735784	1	0.674508734305014	4.979311562394487
2.2344570168598707	1	2.9037094332179563	4.54359495162462
1.5036165007699411	1	1.4358360694546173	5.56757069289327
1.261018589941787	1	2.5072515845393726	4.981145402899786
1.8786973993714537	1	1.8834325759432544	5.022631284360355
1.9131760154313215	1	2.303589759068777	5.38760305929653
1.7088400242636892	1	1.199212960433233	4.790938039041602
1.315301688563839	1	0.0	4.871702570794786
1.5880262038209703	1	2.4066556493485383	5.582335581149468
1.8544963834800836	1	1.3994956613757181	4.308160699216041
1.6539559185865635	1	1.351364232398423	4.566522390783926
1.671003703631901	1	1.2746768632179508	4.933153063880328
1.6561352578345618	1	3.9844112488851215	5.392394595530159
1.4665213360933747	1	1.4178075618736672	5.1248962369744495
1.5667449184791002	1	2.326812979119055	4.4212415811377195
1.343361144869867	1	0.8395568061305629	4.540113014737763
2.1419899870777566	1	3.5230967139279845	5.8472300098989685
1.5811567812155045	1	1.4437320313837327	5.158134640695196
1.8194025454543892	1	0.0	4.690779388793076
1.4445285138396726	1	4.711949873895156	4.757861239713536
1.8986320599002706	1	0.9018513674427813	6.870124451852295
1.2317097555911745	1	3.3089323342815007	5.670135955164652
1.9301537795137391	1	2.733072560542446	4.18176299452737
1.6911580187803221	1	2.6521796358150285	4.770612512228973
2.2276512634001775	1	1.7685151696291708	5.361411341700126
1.3733664817889952	1	2.1891987518250984	4.862259458517637
1.719095120039898	1	3.2239360089168976	5.569526647750208
1.791807953470966	1	1.6990692838006005	5.882124789519285
2.008224798094059	1	2.2513096320862775	5.003780197518657
1.5942857596523061	1	2.928290214925067	5.147369757430972
1.7216161016310718	1	2.0833888372359093	4.915668856628021
1.1643833177306577	1	1.5750168049015423	5.441399533053263
1.492457783994323	1	3.451678908317934	5.749962581751043
1.8129039876388104	1	2.341688598872887	5.467197686990925
1.9760435815758033	1	1.8748273354129714	4.458511197144098
1.6295659327335967	1	1.2241051760281334	5.377181534912053
2.214088880799573	1	0.9944027780440261	4.710623033335222
2.1400623066122733	1	2.893784105381041	5.874180983077358
1.6848368770562976	1	2.949268086233381	5.238141907853492
1.096624249706553	1	0.0	5.529064367158203
1.255608406048503	1	1.384508360574245	4.989470306958083
1.5055352933431467	1	2.964888136869626	4.983831043879961
1.9789602769810422	1	4.424306619264515	5.215388816380903
1.7775680719459417	1	4.150353807592895	4.984599343969346
1.176438045944297	1	2.9418661752421253	5.789456952470779
1.6428085427824592	1	3.373332455126111	4.428901849544218
2.1033403436407787	1	1.4725805430329992	5.3427082238427905
1.606298828174337	1	2.7745345235289793	4.7066701017800066
1.5125075956810834	1	0.7628352990686211	5.430523121203036
2.213656025629529	1	1.438123653731141	4.101441953822893
1.713352384199587	1	2.3209710832687653	5.643063124226094
1.58021072530348	1	4.167937070050156	4.845315610800678
1.7875417897070698	1	2.747963329337832	4.3831634237592665
1.704291181593522	1	2.2738270906665687	5.3583421551297885
1.5927144304412266	1	1.8299164373141514	4.904111578304468
2.002114082137991	1	0.6775570286577504	5.138569415787888
1.9789254506961216	1	2.6028630022873442	5.613954349087642
1.9102153895352758	1	1.6509063034167681	4.454404721622902
1.6742781956066155	1	2.239044705630445	4.631811432528007
1.9867250940998706	1	1.1106690860254846	5.040203565194903
1.687574355210331	1	2.1212549537035783	5.283757699259393
1.81666081680721	1	0.462971133060438	4.648192512071755
1.9584217169848752	1	2.5039062191897026	4.603427342452674
1.9022110900664204	1	3.3197259119719256	5.385667646123437
2.147438670801568	1	2.9139508148791164	5.49181932110786
1.8128210040100428	1	4.113823759119444	5.698636629254983
1.2789850035329406	1	2.3245535159290736	4.852432337007745
1.409957473754431	1	2.505363441512554	3.7088826011738356
2.0375267046704315	1	2.514864837855844	5.261695142384745
1.617179207516843	1	1.1202701983877752	5.379966051264792
1.7966347862832728	1	4.153233469262952	4.266588425089931
1.4871360858672933	1	2.9885780844085987	5.045190123222535
1.9502203559200753	1	1.7571735785258167	5.1376541397731
1.6037919377918024	1	1.097168257496218	5.170177481126679
2.06452705965238	1	2.5815092832414557	4.767652765587696
1.5669414947754556	1	2.8575475535903947	5.041716597381597
1.9795333491794238	1	2.1378848679098277	5.300197248057596
1.8685990262052172	1	2.1860745171133535	4.111913278929027
1.5194020236464623	1	1.8118831665690334	5.455541217167008
1.9747490831867949	1	1.9972526042720267	4.817081673008991
1.4745913773810004	1	3.335141327718631	5.382251059598383
1.494383202773937	1	3.40061788580469	4.648689861284424
1.880427823028173	1	0.49982311650520805	4.144117567469774
1.543664499633503	1	2.138878874536171	5.590569364212662
1.5515392331863724	1	0.7958986503302974	5.820568092853759
1.6140248226974019	1	0.6643045483013919	4.0697346313911655
1.449957702531871	1	2.585952786519506	4.353861689315631
1.9612486024184743	1	1.158430662023511	5.047086578923292
1.8521286746212124	1	0.0	4.475319839186642
1.6826678258273793	1	2.6451526531285783	5.380125873511702
1.672901983206615	1	3.28214183008932	4.601468050526586
1.8125388781917946	1	4.03877713957856	4.7412097370345325
2.141333775129768	1	1.603706708157357	5.105717484495809
1.9177424506330605	1	3.445445308012897	3.9108874513372403
1.5728857164311498	1	0.0	4.840038706435991
1.8943548013122156	1	0.9566003930963138	6.007324436999776
1.6703072069742277	1	2.5189693714083456	5.293442372678269
1.6502504540490688	1	2.471534268087285	4.500445243559368
2.166617843788031	1	3.32041791273182	5.523007560424846
1.5952655255804693	1	2.9566894896320624	6.031592719392171
1.5802037712181485	1	1.9184299803483003	5.6373342385886875
1.2119736781886918	1	3.5292478634014346	4.7076945813592825
1.3494177136367158	1	2.6864826401316457	4.671201930095251
1.8127807346836495	1	3.717088733056323	4.814761572816495
1.5262697747036902	1	1.1957230072767862	4.475473316878184
1.8288534504458103	1	2.3002536763201884	5.014607895633254
1.4212822369085156	1	1.5704043260996747	4.497155339700708
1.5081725434170663	1	2.80591330733859	4.562380306427542
1.868642676739001	1	1.7804478329058344	5.160409385904602
2.0652230951157695	1	1.7481478027499167	4.7181889709078115
1.8481182003560048	1	0.6735103522232122	4.8978075928171805
1.9994577104303128	1	2.308204133836399	6.074089121717625
2.1261485428431017	1	3.1154893740948078	5.18410974451684
1.9600222882885237	1	3.0081956109102626	5.59516161672034
1.4703899904249935	1	0.0	5.218959066090396
1.6736638218731144	1	0.3803543061793442	5.301489508781852
1.8575489176712277	1	4.005140525546592	4.325412396518112
1.5962882746779412	1	1.8123736508887738	4.726514043480542
1.8129865093303057	1	1.8510587708555248	4.868873063197714
1.3052109286513836	1	3.1653354411392076	4.776686674774116
1.4928430052858985	1	2.196645294966905	4.898545747708157
1.8322199363962934	1	1.3674098576104303	5.079950871639703
1.1407283722218824	1	1.7901530514730815	4.8886937952760805
1.423071874428862	1	3.897160687385881	5.344796408458928
1.6955704205224644	1	0.6186088468781301	4.8761012469462335
5.624484420304381	0	0.6506124188645807	5.541975989099855
7.045696796865673	0	0.15619605759571825	4.9934522943274136
6.360362007446592	0	0.1356143575601307	4.702661871140211
6.766724323599334	0	0.9314565448867358	4.3743046215654955
6.792813717279574	0	0.321436797459816	4.61530818778542
7.151434558046926	0	0.41752918268057415	4.87284464213927
6.548969012334158	0	0.181526725397346	5.601029675503294
7.071749125858072	0	0.7160335130744538	4.364063210792688
6.519074559480493	0	0.08300993484733216	5.520076369627455
7.444858808061908	0	0.5844631871639357	4.954117903320969
8.355047290630464	0	0.09294608881112268	4.584277459824739
7.157495823400233	0	0.27471091349008914	4.340454384995765
7.135895404278058	0	0.09427665764008132	5.274497562594113
6.068793623071038	0	0.02341567899872061	4.04688357715646
7.554692980528308	0	0.20874891136708218	4.769243514737683
6.393546137155014	0	0.06589115025876173	4.779819034360024
6.352922242822297	0	1.0164467259998993	4.918437496893575
7.445951562286426	0	0.22416082781247706	5.29059247215536
7.144830995486297	0	0.9019718126579511	4.6926795375415455
7.88574036075925	0	0.13484942340488526	5.0601712140039155
8.154301542797047	0	0.17733024319795995	4.391076974620411
6.568254750238006	0	0.39803262474766443	5.028846046288847
7.102701592124755	0	0.40065380422871605	5.304177688345776
8.408332146860257	0	0.19791527556807392	4.824154061938211
7.773231400183246	0	0.14678604362412842	5.184332846497942
7.5704392402426155	0	0.18070193026756984	5.052316161670227
8.04496485210836	0	0.23639650184237002	4.827855425359851
6.516317624668499	0	0.5271035178178836	4.969591262732243
7.509266727531704	0	0.3302215953800769	4.902489561680458
8.127402711491207	0	0.4084222129300951	4.0128761186810245
8.296729828497398	0	0.594505378529195	4.2504185691108205
6.355052146094221	0	1.159214238843703	5.216426113689146
6.79866063389486	0	1.3086450471939675	3.955826479157812
7.306172138979491	0	0.9073635437836315	5.579190897499221
6.768802125592147	0	0.09087051491476515	4.295014431014018
6.686547008153561	0	0.07618710365945223	5.015262643945561
7.547201062545563	0	0.24825251917913946	5.236067957950583
6.717272013706388	0	0.037988645211360986	4.681632487904689
5.569669687040228	0	0.7686899038654987	5.581294273388017
7.289477852671655	0	0.787891722931082	4.314573225605809
6.660405767543258	0	0.5795053194314781	5.453383188664249
6.414775214615734	0	0.5779001357437676	5.074278274641963
5.747409479475276	0	0.18178894299522202	4.924407089059705
7.811057973577364	0	0.43310134035047104	5.505847972883445
5.218309894519988	0	0.2503551827967633	5.269626911363564
5.640533116222163	0	0.5116811007434238	4.397761281712551
6.779323149951085	0	0.005356213313865847	5.705905303189394
7.983164468520558	0	0.2720620417937766	5.501998201661337
8.047764724546123	0	0.03934602492034305	5.051903840544336
6.076013892056508	0	0.5966843451814637	5.074843764386359
6.857894243213159	0	0.7630175939913014	5.668118359001754
5.791634899929945	0	0.3810424026225659	5.829086127128273
7.808965651019927	0	0.38881917868797333	5.306329243352749
5.818749871583856	0	0.39213658355354225	4.418689282806988
6.88544340399421	0	0.15964042937415954	5.060125073253005
7.826387023159801	0	0.09433316945255926	5.410009952763382
6.8220687771760735	0	0.07846753349141233	4.582750832272096
8.176128275060591	0	0.5484240739280708	4.39706654408703
6.303993421447318	0	0.8180575610799763	5.002889195852647
7.295352375637499	0	0.21352926858708962	5.056181922827375
7.682625748658987	0	0.1241529165934617	5.18891489564898
6.888230615647142	0	0.7012507631428202	5.615149672408219
8.109051411397054	0	0.21912069650876642	3.908787300245417
7.438503667750554	0	0.2105484425329069	5.049930724011774
5.690040325593326	0	0.5052868556487699	4.897161138120931
10.16688216323037	0	0.10361497300575011	5.007874622826611
7.518914915272534	0	0.7170153644760422	5.083716627390628
7.085874635058872	0	0.3134531529851481	5.51287477390332
5.880949745066819	0	0.14991260088764527	5.279466367857191
7.065414255044493	0	0.9283207111120333	4.977150038388978
6.63204573532745	0	1.0755215776019789	5.044558765029792
7.515482932824257	0	0.06815050268513617	5.052678695962576
7.297336232969492	0	0.3416781272896346	4.933517109069929
8.482407588055503	0	0.3042900250638481	5.661006892249331
7.113801098021054	0	0.680489886952278	4.043880857015127
7.410804383990838	0	0.17350497455579272	4.299251905944944
7.297965481209154	0	0.3332949595142943	5.798818481422857
6.881208157552485	0	0.7678761043959457	5.286826672126982
6.853279842143981	0	0.04264149108957313	5.315320836262747
7.880800162134785	0	0.10666463469882724	5.579093426370259
7.624021708270904	0	0.46187798453198253	3.990822474152597
6.496446716756976	0	1.2269459651656336	5.719567701266967
6.109251117621608	0	0.07249366350055314	4.416767925434379
6.946071980042516	0	1.0090609261701817	4.508630514973928
7.929151985339515	0	0.31060366939553735	5.51812138788035
6.9779764909856175	0	0.15811966381611015	4.422142022942057
8.397148071382379	0	0.476996115109174	5.265460606393289
6.379943770341252	0	0.3815713005413383	5.713664693468418
7.113312430132644	0	0.5784774422990125	4.67520322592045
4.9869569112274	0	0.2702665806223059	4.705459924358342
6.523465695271768	0	0.7870367125668668	5.336014283990986
6.752702945086511	0	0.05029670883986287	5.448160823434435
7.408750219593672	0	0.729490979493489	5.170862610661734
8.368529470936908	0	0.47627390921574747	4.209315997404548
7.027954871490992	0	0.8403372363856558	5.8051020114950305
8.163134065287053	0	0.9058768573595692	5.31124746539394
7.5293448611727865	0	0.5686522056370563	3.8215675461145855
7.789081744169652	0	0.4015363330767388	4.550106253454565
6.627076114539258	0	0.6574703937590131	4.469982869463963
8.10799307491891	0	0.009128767587023504	4.611151190718406
6.1416285770306835	0	0.14550227118519557	5.12802619306526
7.396126888960254	0	0.5374498742725516	4.642383929614272
6.238350319434993	0	0.3489049500633652	5.612473507163976
6.5854835580809965	0	0.28916285850989265	5.554368962832964
5.8308771162223145	0	0.423726268924856	5.037125341051694
6.586921673083182	0	0.3924523236936865	4.473386513246995
7.2808935172087725	0	0.8166381047895187	4.999693497462519
6.944983629537089	0	0.12937124715613224	5.203379862875082
5.921788046997069	0	0.3116399968557584	5.581228693478499
8.176591885353096	0	0.2601805135683474	4.767852948827662
7.269776750646767	0	0.556157145103204	5.0398609808751385
7.806452346460611	0	0.3655726847792816	4.501630114347278
7.628181535707751	0	0.5314643811861754	4.769508813462345
6.4681057864262295	0	0.1273165327328011	5.5841690831752056
5.443962433110369	0	0.5844806723996165	5.798101739654507
6.267660505414635	0	0.9497315498107253	4.827512939797867
7.9801246794185845	0	1.269977701652837	4.867930528555815
6.157163141039748	0	0.4449807551605184	4.6196689172493866
7.652834947459249	0	0.10903924889308458	4.235201010312667
6.510074421496941	0	0.15890778315739074	5.186380241194144
7.314487395883187	0	0.11178744372761014	5.236345158530063
5.540864117899845	0	0.5356899401933504	5.302223540256379
7.933660132799972	0	0.46584078107981824	5.013065989765308
6.968265039927615	0	0.5338511714471774	5.26460565213207
7.7086606391727255	0	0.1056168305800198	5.082690949981829
7.151889319506477	0	1.023827418571779	5.622229531014465
7.638451036239155	0	0.06818625487824943	5.187288055977951
6.91845436858912	0	0.6846402026066623	5.725667557880269
7.59468523481109	0	0.6363116656472471	5.5361809352824505
5.7923418526207655	0	0.49928320739460247	5.179508271937121
6.135431446043595	0	0.2787663206886605	4.378849744166572
7.580379203585228	0	0.22132770483507655	5.258636155484965
6.968657395032403	0	0.040541602898962956	5.160380990327798
6.81699666302383	0	1.7163317158977796	5.959309763200554
6.856310164278914	0	0.37376313428980024	5.371170786877744
7.401380087476133	0	0.293340219848728	4.434364395854364
6.525324996606065	0	0.187617725551288	4.60356813265018
7.408246077396205	0	0.01097338191563623	5.48196846185446
6.267366520745057	0	0.2030354505977442	4.903443868849726
6.674198365584028	0	0.3442037715842963	4.3985549940143365
7.787961337375369	0	0.2952469331001527	5.245380690750796
7.857001942276713	0	0.5386882838131908	5.246824618571756
6.12227651179571	0	0.4760420358244101	4.940729124945411
7.670907797782702	0	0.5682165506588478	5.43079811867086
6.168654142372078	0	0.9149531190235785	4.947883037294583
7.586418585375263	0	0.7125780861311899	5.932407671456495
5.480950352544564	0	0.3576667245523867	4.4512450986766785
6.10631144604871	0	0.21956368660940093	5.453961043456413
6.592822177741711	0	0.5514847744621859	5.495493085516874
6.866811236091232	0	0.37974679649754706	5.633433282199091
8.13889154347919	0	0.5516081731365431	4.937372880549325
7.7231993392028215	0	0.5447755492315208	4.793502830953686
8.260374326857905	0	0.694775119235258	5.870337532017759
7.965286318428454	0	0.41714160262587874	5.273284551330189
6.7737091586921245	0	0.22467292377619658	4.7074323601156545
6.786938492545024	0	0.5426256601849718	5.416175907718816
7.85517729776101	0	0.4050700153218545	5.793541260969449
7.032297144818272	0	0.3073312930626779	5.3331905280629055
6.874405062005346	0	0.7037052973289439	4.6370099723237725
5.9318378215878464	0	0.04300675654656872	5.489712492979974
6.9148319027555685	0	0.5627263731250993	4.231232579392261
4.767202874644923	0	0.17128547115618942	5.388409642165397
6.635105955881052	0	0.6283687354406662	5.489163771301413
6.216087798670559	0	0.3695469181213117	4.8890155501446975
7.554059478031484	0	0.19299404676437254	5.138563250280576
6.617062114867471	0	0.8721861872769461	5.075140153536731
6.7367587605271355	0	0.3577683925283592	4.732102168993002
8.077684371736398	0	0.8154531270401872	4.571199839898548
6.160745803865107	0	0.8242970385255423	4.860659326170266
7.253327116125323	0	0.21639509981726926	4.688993922830369
5.483786442018827	0	0.09551458569980387	5.756920374264739
7.071783293955721	0	0.3930606351200838	4.322364267851182
7.328212596317476	0	0.28630090865531677	5.8996059054712475
7.68789677743753	0	0.8248751520073361	4.882294520981642
6.2810534453450835	0	1.0672757794563321	4.614480743335892
7.255725553555675	0	0.013482194641514955	4.727877044613236
7.254523359742952	0	1.1922025692339384	4.479518576338106
6.98461469272189	0	0.03724870768659357	3.9839163381301628
7.120013022982243	0	0.8091589658049878	5.407994576906083
7.3708274573853325	0	0.9307825511387448	4.923176337529287
7.318304339905481	0	0.42991351193375277	4.580774854683749
6.20319128872928	0	0.21895410550774405	4.347083523284074
6.0433107917404145	0	0.8242755449978038	4.718585477782208
9.004784228254938	0	0.7293866053831359	4.374250298229969
8.53583382914247	0	1.0131032079169298	5.649285810886989
5.886644899156773	0	0.0005273849709134158	4.051861034787804
7.360174193630276	0	0.5447675025507384	4.520893592113859
7.5019496662024885	0	0.26956911103528025	4.55848913481657
7.601069788128388	0	0.9060885457975084	5.237588696384581
7.11231634915788	0	0.2587449112309875	5.126887403755501
6.2585024486331005	0	0.7466114003270269	4.927603442761701
6.854063674909522	0	0.46432213768967623	4.913887505581428
6.607099889767346	0	1.0861352579107288	5.199035893940376
7.1074984928318035	0	0.41282694546526616	4.602280532629007
6.785302956703538	0	0.2316689839181656	5.241832366682467
6.894659498970386	0	0.14847868387865484	4.338618790117108
7.814841979814306	0	0.7002972233343254	5.270152758135109
7.9844465599637795	0	0.7748044266056313	4.746371398656165
6.055117461782541	0	0.5350084520645552	5.56418927111823
6.632055916452335	0	0.306975782039911	4.388324714203634
6.367360036979866	0	0.6445650197374603	4.773248440543161
7.978977769568088	0	0.054891473056175574	4.589547314281608
6.9525056779612004	0	0.005263087710507404	5.470109452559246
8.159191523326589	0	0.19412045349460327	4.294353266580554
6.6179353162746235	0	0.24460959687824624	5.442073897557683
7.0207999953485265	0	0.5584161286181251	5.231608611438296
5.921042842562207	0	0.7609328833337485	5.282986602716297
8.042028429188944	0	0.10122367845698944	4.655920346387021
6.709910329938193	0	1.3957220189609163	5.237670258640711
5.811874838939636	0	1.0027807879439905	5.8753609024244815
6.526030971877384	0	0.2263568111181816	4.65434573080872
5.15607364978389	0	0.7767826107810534	5.12659477405868
6.974546261840967	0	0.08846827861268595	4.86845937353126
7.0899901939313565	0	1.1313076631728018	4.449826801927154
7.23046253360412	0	0.20985893495641925	4.587586203021841
8.198486546861627	0	0.6130349806198582	5.2624254726250355
6.75921907683573	0	0.01924123114238981	4.977308721651779
7.645964733604217	0	0.24136343118277429	3.773540068599731
7.2497909512104	0	0.10450614003501811	5.266144089860759
6.845342687620797	0	0.8822040403153588	4.841205336084937
5.338558382461157	0	0.026891202213539963	5.458873555937003
7.7580009338765406	0	0.22979091658618403	4.678182916548987
6.596820840686146	0	0.31675443538929665	6.153463636985586
7.014364713320661	0	0.8461512744251926	4.525625373995448
5.983631378891616	0	0.2125354878777932	5.3831130953437105
7.226396427048801	0	0.8291996699039631	4.462270091731672
7.0864246538498765	0	0.5905314488688986	5.097477807394958
7.023534095176612	0	0.3690268426796516	4.426244971162895
6.892165496563421	0	0.6652530575974284	5.6274243767559815
7.839374632602055	0	0.005044884178264064	4.989448090301763
7.7729766900626736	0	0.49425532110957004	5.747384591264319
7.580733482016657	0	0.5207198171885714	4.951357077349196
9.656863004936291	0	0.7848777549560969	4.187820518417056
6.519819735698148	0	0.1839161006829434	4.57844133495358
6.696385987572897	0	0.05614954169366993	4.8039155123428925
6.188157047313063	0	0.4020614255102367	5.690749707792398
7.348788957037128	0	0.372822024835117	6.364731067722547
6.4500100855518605	0	0.02402535333323193	4.942921465998539
4.841310606667163	0	0.3492853310249271	5.159008430474731
6.029329499337036	0	1.1645205612135028	5.625056113109357
7.057801519324707	0	0.16745757188352967	4.42934583907167
7.807829867958047	0	0.8512150234539709	4.842198395299135
5.754446753707975	0	0.18603234050497994	5.334796347955852
6.510046297372525	0	0.04214869545514538	5.176566627237658
6.888518555639263	0	0.22655247568896678	4.957838733652006
6.417170008460239	0	0.3704816713031794	4.5112996449886005
7.42493103476498	0	0.06805223194273698	5.052094987936309
7.0032006735803005	0	0.5364655489983968	5.356438649728011
7.257012731587065	0	1.1079216679239592	4.640789521548949
6.419828059403707	0	0.4132382785342174	5.037238547461523
8.229229062416879	0	0.4806819012807271	6.044870458524745
6.999699992993315	0	0.7135078143558135	5.238668329845103
8.034839696530646	0	0.653415292883724	5.296561783188005
6.648801869066978	0	0.15835749576933703	4.481905716804049
7.472031571328664	0	0.30523162172120877	4.724562175198204
6.456492973602213	0	0.5280860682029043	4.841266914704309
6.239272599159384	0	0.4038611833475319	4.580661296112732
6.436519734781233	0	0.6167124546496314	4.395449770679241
6.963306651144186	0	0.011179686011424278	4.2171125775430784
6.825013232825833	0	0.7002349885622001	4.896060081098713
8.231365607724051	0	0.4362894948658626	5.416409371760855
6.081036616290444	0	0.1550512980658502	5.308390281790322
6.1277293340361485	0	0.14556608539716911	5.338140755317937
8.36015051731642	0	0.30385762423614465	5.456043429075513
7.487026927126487	0	0.41384197863650146	4.570588424628898
5.494871306267152	0	0.48195229872097933	4.658364640793133
7.397815278916782	0	0.7124304508271833	4.882207174026632
7.189866159471677	0	0.451721363179748	4.55437118054407
5.284444762617239	0	0.6884415205029358	5.124835507436765
6.704350059730054	0	0.20827952993695062	4.668422084352079
6.986036038531058	0	0.37872551670157945	5.556976370940403
7.585122013700053	0	0.1813229593837123	4.561074228735575
7.76359653323815	0	0.0023839158881562308	5.281270891762452
7.076597416888108	0	0.27712626995438056	5.839380199747016
7.82676064261139	0	0.07326603638253686	4.392387290934435
6.882981380310917	0	0.1259298516267517	4.724338427777659
6.3140025402081825	0	0.8021619715581705	4.6159207618129345
6.252654525481641	0	0.13324528045304565	4.4698630905873475
7.434116235653053	0	0.7291679696819822	5.1303442404551065
5.433464731520791	0	0.47569090623997295	5.250159759743335
7.542246056895849	0	0.9179347727699643	4.6335962813902825
6.114741546086492	0	0.09364434706982834	4.743758687242852
6.712620723431409	0	0.41976711139310724	5.1212053762131
7.404305522202334	0	0.32780834357317307	5.1569808714776855
7.974352720641078	0	0.09283767687944253	4.444313533846089
5.447455228508085	0	0.3185126593974292	6.150817251390427
6.355057430437235	0	0.18928778839791432	4.883279475584397
7.039249353898482	0	0.2698488264065926	5.044059852230993
6.52313093232987	0	0.8153148960695181	4.6859654936706
7.689298481072964	0	0.0864080420518294	4.870652281951155
5.330887547634779	0	0.4650991027701933	4.547855680628238
7.289441312456837	0	0.20288949331427483	5.8141193540089
7.340736141202253	0	0.43683711133350256	4.076406244559067
7.039264317713305	0	0.4666266482929986	4.907525317764392
7.881789386068274	0	0.10807757469976566	5.330557231736338
6.0163405971628565	0	0.41683940643126266	4.201392877871122
7.88689340639174	0	1.0802278634296385	5.230507981871592
6.437663677671865	0	0.9994960069485542	5.658253201354375
7.580440414462987	0	0.3820207100240554	5.148184835889963
6.740636624411831	0	0.843627611577601	5.000003756110623
7.6514745033191405	0	0.6539856718318435	4.9828945999536955
7.624375943806699	0	0.7361981533642843	4.859250339724658
5.828757141135527	0	0.03743804894433354	5.2900888223562985
6.876407044951577	0	0.8934677018898909	4.568236701740977
6.926054145166731	0	0.08260529326462702	5.163406530988763
6.809699787634534	0	0.48814814904063375	4.8307371374292085
6.395469787918428	0	0.3480138356480776	4.7091885748674605
8.481150315658809	0	0.9685657903121553	4.421812203852922
7.167277341260417	0	0.6746138391313552	5.337264109669701
8.244012795466471	0	0.6375569323350816	4.704677310615748
6.544681077190424	0	0.5045451313360751	5.538759991100297
6.1505625909513215	0	0.055986343748264084	4.985977290538839
7.105798223135828	0	0.27584012190550566	4.998453881021222
6.549410716706035	0	0.15831582129273	4.45106364538434
8.91211676986681	0	0.2224975013579582	4.499942140026659
7.196338279351296	0	0.6081355112910696	5.273499114822729
7.922079308008483	0	0.22416155336129112	4.951906153380494
6.820611382301201	0	0.3463444558172571	5.029371215305541
6.739150955391891	0	0.7129710137487754	5.325507252820821
6.975270865916691	0	0.7291691683762463	5.2609224182236645
7.284573809260814	0	0.286680364628564	4.8220838481156045
7.6796694760758575	0	0.05862383856477947	6.4471930958134545
6.902276787910654	0	0.42968565845893797	6.567523670043953
6.455318740786146	0	0.5150012442833554	5.220156554558613
6.145698738810756	0	0.8240764593038015	4.280402820477964
6.938656509835415	0	0.6816382785225684	4.553194929330301
7.458370180765405	0	0.31792334929185456	5.290869644484776
7.366357661047793	0	0.12573672223560092	4.711696556689561
6.985745960756849	0	0.1605739900266472	4.959148865795334
6.519888960611509	0	0.016531952864730144	4.001627230540977
7.117412210709512	0	0.023767311082550306	5.218090757950432
7.457443903091992	0	0.11663986352802093	5.604221302090764
6.970545874786378	0	0.5172314905999743	4.392813318261779
7.0898947910337755	0	0.16967988529063582	4.82824998719983
6.879596539479639	0	0.28880616788585634	4.820489696390247
7.732399414450058	0	0.14011457785783352	3.757552295722517
6.649439786129065	0	0.5466533165086652	4.7621749613713815
7.148428496773244	0	0.37311213770664453	4.7154177221272295
7.31554242400969	0	0.453130706709302	4.303221516513836
7.580418046602847	0	0.7333123701363572	4.5627297396552535
8.196707812707581	0	0.07129514591482278	5.1234266355428355
7.540363047363369	0	0.13296507218412584	5.170694523537687
7.479370588367407	0	0.11259471714982545	5.162434276119142
5.823810328782949	0	0.26783529468490946	4.712023901923214
7.48512315544307	0	0.19396055745015894	4.587547740250814
8.834974089885742	0	0.734743853903198	5.072693987725175
6.335991211545862	0	0.2566824678065905	4.803428920720159
6.184384120475427	0	0.43225085176128064	5.518208505292901
6.828276926219182	0	0.16576336525035393	5.58215432356182
7.816998500879121	0	0.5208851410106442	4.763693436874075
7.419800393837459	0	0.21668017605224466	4.183256520671371
6.618300634824534	0	0.11497801132294388	5.09167988156782
6.971207854618247	0	0.3175437095735983	4.665552250187173
7.829631185419126	0	0.44718532190444615	5.411148535159448
7.538095798497183	0	0.03519854028733875	5.3500497588651825
8.943101575618384	0	0.30373205096638095	4.474695320410962
7.804549344248973	0	1.0198361328533123	5.524115279680711
7.282853772802103	0	0.798385949010826	5.696138670129406
7.491781020661959	0	0.13346514782487215	5.193111941449394
6.720812647267558	0	0.3545785859365256	5.305073018325234
6.217781598773627	0	0.5784812485291155	4.739535977406859
7.1375657057340725	0	0.08641968594773654	4.570419800915977
7.392448835047711	0	0.9241166839839507	5.627443435712832
5.883773579947738	0	0.4610551840702806	5.120554558523578
6.582114827891444	0	0.050854556880574275	4.954162400182972
6.704595278536825	0	0.8996495647756931	4.965537490251609
7.2125139220114285	0	0.48297760411624546	5.376380732653424
6.791627152907696	0	0.15934627139023252	4.892174366895455
7.356077368275658	0	0.21913197451041583	4.75078604945726
7.078489796977593	0	0.010376630799211776	4.847628197094269
7.848262007325446	0	0.3936567709841561	4.918751399488317
5.631065872300406	0	0.12346136556937846	4.756764323965891
8.32569971043434	0	0.22915101900237733	5.044141155332644
8.13413921039949	0	0.7763529373858755	4.754200686561723
7.040253668917709	0	0.17082162564935488	4.772536078688914
7.520258571401877	0	0.28601294360654717	5.993269598863574
7.485238720330636	0	0.775828819595909	5.003630241992925
6.410168297792055	0	0.7115885931628836	5.853993090459402
7.131732052679365	0	0.03802548307751492	4.497617696029847
7.622539343279653	0	0.16343303935777267	5.377408367140547
7.247853406885991	0	0.3751874057462485	5.005659003562486
7.841056614279001	0	0.04129761948083781	5.845505009159131
7.075996888055329	0	0.3836468132437085	4.76740682643622
7.064600790898416	0	0.7403273096401336	5.896161494676425
6.385757003180352	0	0.5183279337809014	4.7056769507508225
6.70836956023469	0	0.2726137954924225	5.003813724106431
6.632225855169546	0	0.7459486804476287	4.42195703339725
8.364386814204353	0	0.015005763085837868	4.982724424189374
7.19240444171789	0	0.10821713217463333	4.896588448180881
6.2004587989134565	0	0.4117219520966795	4.445307088641652
7.31887871052915	0	0.014967938417624928	4.0770017239276815
6.846397042695164	0	0.35446835682028793	5.448203471174584
4.556988495658956	0	0.08011905789484453	5.247568789108431
7.383881896923054	0	0.361140061817358	4.651830741432341
5.757840973458531	0	0.9993819720866673	4.946603181765307
7.462771536204993	0	0.10651286319742809	4.637398077168117
6.230989120775592	0	0.40227079267672117	4.930962671826956
5.8333404316854764	0	0.32329110769069286	5.125021344374351
7.395473320785903	0	0.5690863846405387	5.176557828535057
5.804644987780252	0	0.14771983232931968	4.749511563191984
6.642640637218304	0	0.4668148141044429	4.895097811506409
7.16350191593693	0	0.8818873578756452	5.258058442233323
7.489786018502443	0	0.205108409635833	4.6703367745016475
7.595907629152522	0	0.22683356236149982	4.722221442271295
6.970974969157038	0	0.2947148356255537	5.040925104298667
6.334083721849049	0	0.22011725219011197	5.247381124297003
8.53905234077674	0	0.44796074058547675	4.788025124379937
6.515214943569122	0	0.5533894349407269	5.3982653993265455
8.442871185189198	0	0.48133128218999727	4.964967942001968
6.63798002137278	0	0.6259787162036634	4.663628734847919
7.929028554673446	0	0.5738033373033858	5.047207703623101
7.855972431160106	0	0.2573674610341606	4.271654852985967
6.163572602098484	0	0.05069039060035776	4.08205047935457
7.2842276056049835	0	0.16610533970520966	5.169512564805284
7.6043136233526845	0	0.4818282924505189	4.111838330116403
7.560785697218595	0	0.1866304868252224	4.59902645839917
6.840850039772883	0	0.1915134348786029	5.499335294449693
7.2415680363249155	0	0.4706627922747694	5.165847032130724
6.684248255203554	0	0.1127100411790391	4.575016565968595
6.062549296623102	0	0.14854371061194366	4.992504785669035
7.787209789552192	0	0.2927608733888565	4.2830521359585
6.552254862465155	0	0.7440707833865381	4.4304048429621865
8.103806553284974	0	0.503783492699063	4.916090951714726
7.481960720991688	0	0.02019260394180789	5.293724775713297
6.285882661189692	0	0.3244868030100251	4.983135239499674
6.87104134436701	0	0.29292187368680744	4.957852866447188
6.770892067683861	0	1.027237380992654	4.674827834864826
6.303289880278431	0	0.29578312513336313	5.0372591212650555
7.401143671914664	0	0.18984447772512342	5.3980089077369175
6.6171087409110525	0	0.1855157589474036	5.551874011730779
8.305353210904638	0	0.8506174826715381	5.171386705510424
7.688712992814744	0	0.07380121799340365	5.060989094470324
6.295848748366736	0	0.5422092817164399	5.177586338901869
6.984799582762147	0	0.05504847915933083	5.262680104004519
6.818591846264333	0	0.6064874855883179	4.759111812967137
5.748393716951043	0	0.38774008693601003	4.815444042021754
7.745004543014495	0	0.31322827316502483	4.668277512988665
7.7598470521690635	0	0.6592612557022738	4.685600286764969
7.740400971761908	0	0.20803777208009142	5.94151476816143
6.63440971392517	0	0.3158285504954372	5.39246886114763
7.855188777295134	0	0.8821425294062792	4.657630147163195
6.832197651661957	0	0.6937389672474673	5.021158389620522
7.74811822367286	0	1.0995289954843996	5.153744601325128
8.450022252094033	0	0.4650784986958499	4.955020783739369
7.112087905043802	0	0.15002562947466896	4.518122803044734
5.864680978284411	0	0.2817364552867434	5.7232643211942715
6.746479042777323	0	0.20918095831679928	4.405787697483921
7.512788693106805	0	0.3647215368904933	5.434170190580098
7.975899503224497	0	0.956034373268548	5.027018478172238
6.092966371685137	0	0.06517096614100308	4.5932640975518915
6.847561361870838	0	0.6399000858153211	4.919247942725516
7.186671301008097	0	0.22587797079754415	4.074750433609492
7.347998659410273	0	0.25483437030687356	5.137486284720252
7.7283388824024675	0	0.21188671509725238	5.364232303285079
6.241248274836963	0	0.557483752097751	4.734969522817664
6.661217362219571	0	0.6509795130079815	5.148928964003343
7.8063731820804625	0	0.481596548570211	3.7505528626446294
7.313867928899446	0	0.9815375339742998	4.734302229281887
7.35870452062535	0	0.0566741275866454	4.3312992049341466
7.900258798931403	0	0.16237113202048384	5.462646301748213
7.083242711767271	0	0.18651009615752814	5.097156593620506
7.422402737657469	0	0.6661526467582142	4.97638121074964
6.74834891046617	0	1.017951217503495	4.905385650978134
5.9239919837852995	0	0.3304542380300366	4.878555807056841
5.96379369177513	0	0.5826090010150182	5.392531239074388
7.0594564429461055	0	0.2127095124024804	4.479123597557218
6.840351425603027	0	0.04401804806243997	5.4661265636276735
6.476317465180018	0	0.3708801157512696	5.349794447440293
7.254411437135335	0	0.5362626509954791	5.515377165531325
6.2877827583134005	0	0.14502068217775224	4.826031665786264
7.089069813106376	0	0.3809173452892241	5.540742960255102
6.984381953343782	0	0.47976591144746766	5.500392962887231
6.328008868310202	0	0.1495766354304248	5.224798845956979
5.161435295569719	0	0.1427457180809116	5.561434872897689
8.165221909178221	0	1.0543742149993132	4.779349178158683
7.253309788563166	0	0.8067807755461432	4.963426054018165
4.868699248590289	0	0.6316904705332237	5.673799789814464
6.6588571058931825	0	0.6621246085901591	6.008695190109904
7.315030184999455	0	0.03235868609377629	4.176682609210696
6.817487447439635	0	0.2784994700862494	5.4685217184462935
7.464264090082583	0	0.06585278128714554	4.3709420402326264
6.221385931800608	0	1.0861663981277128	5.105145750725157
7.140134183374455	0	0.5885351101101219	4.7060509487493025
6.957213045811875	0	0.820028683824536	5.102844520358906
6.8535504104304215	0	0.208935308890953	4.850880675301936
6.823176878569331	0	0.44843979320805893	5.1970367258701495
7.159807644154102	0	0.5351441457980399	5.324872345312725
7.746177130950474	0	0.05689078215687463	4.825922092186944
6.575904159839959	0	0.6291749586414918	5.334281698006073
6.674207980790455	0	0.31689602684834306	4.856212186747841
7.128451993394009	0	0.2153848696961342	5.3424097284209795
6.9038800194970005	0	0.4721423645996445	5.588727196945153
7.30848183387546	0	0.23643777951477635	5.08254254189011
7.574632588603475	0	0.7035320552487611	5.116556318183344
8.0329511222807	0	0.22373663636481833	4.098638974787734
6.906844681382669	0	0.09429145618885322	4.614054760868072
5.178161602671707	0	0.2804590292066733	4.6886717107721765
6.944300368435897	0	0.46082952725689713	4.924670192930811
7.283096341506273	0	0.3236875579257031	4.2999885565516145
6.8504359867738005	0	0.693412796970522	4.349466960621258
