Account ID,Account Age,Total Accrued
106440e8-775d-4357-8485-d3923036b6c1,48,41239
b2c6c687-9c1a-4171-86d2-3ccf3759931d,12,920
db5f9ba8-0b3c-4fed-87fd-665bb273cbda,43,27851
73aa1fe8-dece-4aa5-a763-ddee06ef5aab,25,4304
213b5e44-60ce-447a-b7c3-12b465828af8,31,12805
4db6e397-593c-42ed-8ae8-19142c3cdbae,16,1927
780202d8-d649-4665-9158-5f6bf20d0cdb,41,26557
c0930512-6626-4c18-a921-1d052a76992d,47,38242
66b2753b-6f9b-4cc7-960a-1eaffb3881d3,49,46623
ec0987ca-4535-4aca-a0b3-5da6165aeb27,17,2787
0cd82c6a-4d54-452a-ac4a-19dea3281656,18,1674
d12dc90c-6877-460b-b1d6-2ce107de9734,44,35252
74e44433-1725-437a-8fcd-47b65364b02c,48,42291
ac3a06ac-29df-4f75-93f3-44796dc1850e,21,3129
d1960f1f-5fae-41cb-899e-fde3e3947714,10,932
21efa559-38dd-4711-86f5-4ceb8e271f56,37,16573
51ceec55-4261-4516-80dd-9983bfc84c6b,17,2251
427bfe88-582d-49f3-9360-0886b3f8248d,49,41496
00a259ca-a6aa-4bee-98a9-63aeff96a78e,45,34907
1fa3a034-e71a-4f37-abfb-0de9d65515df,47,44524
e93f07df-cc99-44f6-8257-7a68a732615d,37,20401
95b794c1-b436-4ed4-be7c-82678680f4a0,27,10077
0bd78484-7312-4f73-9eac-be028859d60a,33,14343
8bdd3420-6621-4ae7-941b-62741387e4d7,33,16439
4bae6d93-e277-4b00-806e-b79d3c335600,23,3770
c538d994-0e14-4f14-b6e6-16ae73e1dcef,40,24749
8f9b1f8b-dc3f-4d11-86fc-893b12052510,31,11154
c479a918-2563-45a8-b690-df2dcece1dd2,32,14716
5124e8a8-89b4-4110-9786-795d3098e8ad,35,19565
2f9e1b2b-5bc9-4eb0-baa1-15b4efb07f6a,36,19958
a0e6321b-6f60-4f6a-be59-3ee69fdb8084,21,4656
72fb239c-5037-425c-91e1-7508910e1f95,13,1398
bf3d282e-ddbb-4ac2-bcc6-08cedf720719,21,5031
6a66229c-e7af-4979-b526-1ec2ba09aa29,48,45119
44218f49-af01-484d-84b2-a12911b09880,37,17442
b345879b-75ac-43ce-a0a4-6edeefce6a7a,47,39931
057cc166-0a63-48c5-9882-2a6e341aae59,21,2913
0091f39b-f069-4283-916f-87a8b18cf355,21,3168
88f98f73-5884-4283-8e8d-461ffabf8d02,22,5037
9b67b24c-0c61-4d57-87be-66627628770b,42,27602
2e11241d-971c-429d-bd52-771b735c3f82,16,2061
87bc84fa-a9ee-4696-adc6-580d4c72148a,19,4123
385a6144-e5f9-4b0f-9cd3-3eaaf70a7211,18,3722
c1d601d7-12b7-498d-90ae-0dc885617831,35,15162
721fb004-2e32-4863-b391-e820a6566085,38,20695
2e1fc084-66d4-4d37-ad69-312a763139ac,46,42407
e55e6b9a-2d4b-429f-b83b-771d60355d53,18,2799
014ed8ab-0203-4817-b742-6484cb80148d,12,664
020b4dcd-e3ca-437f-bfa3-1eadd8224bc4,10,704
d48f2d6e-d039-4c35-a206-6d3ebc2f9ac6,12,516
a6d216c3-b11f-494a-8c57-4745555fafb6,33,14041
18e32fe9-19a7-4e3b-8904-768585c14f7a,30,10579
6c601431-e182-4464-80f0-f87d4c116d98,27,8458
b82fc283-a57c-4a8f-907c-75537be97ba4,15,822
e14b99af-2b61-4485-a93a-80770f11ee79,28,9944
e6a09c77-dfe5-432f-bc20-6d8ceb9dca8e,13,1458
df3ec8a9-c30c-409d-9042-81f26aa59f8e,35,16931
9ef299c9-02cf-4fd9-a0c2-dc2c584923fd,17,2544
dda2b20b-23a0-4f9c-8f39-ba58ff06b9a2,24,6707
f7f3c49b-83c4-47fc-85b4-d79f9261d8cc,36,16124
f97d5105-5e1b-4160-892f-89b1475eaabb,49,44096
295d2f47-20f8-4511-a7e3-490fec4bf1ab,36,16414
8cc69b63-4e2f-4d6e-a136-812ed5fa425b,16,1594
71cccabb-36e9-4ca2-8776-bde1e2ea8591,48,39434
98b0a70e-aa6d-4755-ad31-13fa2c1be88d,13,1246
f5fd8a99-e6a7-4b17-8a74-5ba34b4b4ca7,41,21312
095e04a3-16d1-47cf-b2c7-6552b5e4a263,30,10555
85b877db-bffc-4817-9cd1-2bcc6c69ef44,42,30817
60eb65d9-7e10-4dd0-9831-47546d284a69,11,317
5806cbae-f54f-44f0-b243-29ca9462907a,43,31943
2727e0a1-f1d2-4cae-bb45-ede8dcd89992,17,2587
543bdb8f-4e25-4bab-8a8a-f49d7942cda5,40,23913
d507a80d-6cc8-4c24-82ef-af72f2467e42,31,10763
0c318f84-0888-4d21-b5c7-71570fc95dde,25,6644
201de960-919f-4961-b894-c8c9d74393b7,17,3114
f77e2db0-6a4d-4422-8048-f801d1957670,21,2891
6331020b-c6ba-4d60-a2a8-44d1ab6d76d4,21,2528
19a0c688-f499-4051-87f6-d0fbe37fc1c5,38,18566
38155166-0fbd-430c-8cb1-355713f64b56,25,5024
b279160a-fdec-402d-a875-09264b5c10df,49,47477
4b31327b-df80-425a-804e-e541370c37ff,26,5073
332e6168-8655-4fbe-a47c-85c059ec6e6a,30,9525
11d8e482-5bf9-4d29-b9d7-ff6e4a5689a4,10,523
618dc0e9-e3bc-479d-863e-3eb223865bac,49,40179
dc22efe0-e7fb-4814-8d6a-f788a1559118,11,1252
f9bf40a4-6831-4ebf-aa18-8cd21c368966,42,29296
38138169-2224-478b-89af-9e1b53af86d0,27,6065
dbe5d4f8-bb11-4b82-8992-5785e50d744b,42,28540
cbfae84f-9564-477c-aeb1-4ff85aab96bb,17,2874
e06f88a9-f6b1-405b-90e5-febbc7ea992d,11,809
6a8ac233-939c-47a9-9efe-7ef2ea35da0c,49,46398
90b0ecf1-93c9-4cc7-885e-ff315f6ca919,10,438
f6b9e333-7fa8-436e-b6b8-bc97c027c87b,20,2152
40904cb9-f88c-4197-9b23-90c3dbd99c1c,49,46679
62480798-a551-4b8b-8a04-c7992c697f80,33,12785
5b895a68-3fe9-42d1-af9b-9db00aa15ec7,37,18061
56f83a73-d61a-46e2-b66b-db347c12beb4,30,10873
b5807492-574d-47bc-afc7-dff4e6243ced,27,8239
f62867d0-c4af-4b0a-bafd-ce980ea2a049,41,22713
ef779f4b-8cd6-4880-86f2-ff1a6eb5e710,31,11583
4635c8fc-bb77-437c-87de-4ebb6490ba13,38,22743
bbd43384-da2d-4c28-888e-a49fee848068,12,1444
0ef5a5a4-f4c3-4996-ba8f-c6023f88d94a,14,933
2d9dedb2-c5a2-460e-9548-801bedc76095,50,42719
a13d14d4-28e5-496d-a65c-5fc1909d51a0,35,17517
0dba0057-e420-41af-9f94-a7403c7f1844,27,9500
0c7e229e-8da6-4cc1-a389-b62730cb55cc,49,38450
a866a1bf-ec7b-4a9b-819d-b77dc788b6ec,50,43262
fbb6bf82-5b4f-429a-809b-bc5b71855ad3,19,2661
38f7d440-1d6a-4686-bc32-a8a9ca9de1ab,47,37234
e6e8adac-850d-4598-96bb-2027785ad115,40,26312
26673f04-6b3d-4650-ac4e-20e0c4d1ce91,37,15951
587ad95b-85ef-4e60-a872-a8eac0290c1f,28,9659
86d7bb7d-9c5c-4a33-89a8-24c547cb559c,40,23338
c56d5ee9-0168-441f-9658-560246dc80b3,22,2765
6a944b43-c346-4f80-b817-3d7b9d922883,41,27891
86e3216a-2e28-44ae-8e75-c882ece36d55,20,3802
30b7d4cd-00eb-45f5-8567-fa14a5ffa7ec,46,30899
c798e495-b072-45e0-a586-89049690a228,35,16429
2f70b43b-297f-4053-90d9-4e1f2b3ad81f,18,2003
4284d670-e113-4a7d-99d8-76efab5d536d,48,42347
c3982743-8ccc-4229-a644-fca63d5b7be2,27,9298
e33594f1-2257-49ec-8726-0a84c7722f65,47,44970
3602a4c9-94e3-4f61-9a6c-251f97121a1e,15,1837
4e46e674-4925-42e8-bf88-42515be3c310,30,8433
443e95b2-ff0d-4bd2-b0f3-6e3cfc047064,48,40703
b9272a6a-ebd0-4c26-8775-7edd38ac1453,25,4769
67dd9656-7cef-4d24-88ae-a4c0b5608a4a,29,10799
0b1ae76c-1686-4a9b-87c5-d1b384848038,45,36422
7ad175c3-0683-426a-b0c6-44dd42683d69,46,33114
8fad8f0a-643a-417f-8bf4-986f6a49cd3d,45,35889
9fee3ea5-6fba-40df-babc-f502e43260de,35,19720
1d062bb2-9455-4f69-9bfe-d7b7a2e93030,39,24344
4c622d7e-bb05-46b7-968e-a95063bccd2a,13,1549
fd082374-070e-4bdc-a152-3bb6adfa13c4,37,16913
a4db0a67-3433-4a2d-b164-d244d9a09292,50,45041
a8454256-0e75-41ef-8516-2b9c37d13d80,12,1032
02c9ab40-011b-4959-a0c6-ed0013946511,39,25254
7c049b5b-3486-467c-a20e-6ee7ee1a5e37,27,9306
4d299f0c-be69-4271-917e-78740cc0bbe9,36,16759
8bba42d4-7105-4e2c-8199-7bb15725b577,43,34994
a0ab4494-8d7e-4218-ae4a-2a34e9debda1,24,7178
4325406d-e3d3-44eb-a9af-d32874f86ab8,44,36288
5bcf18f4-520c-401c-bb86-122f1797964f,45,33232
9a3381ed-8d23-4812-9fa3-d307eaec9b25,15,1883
ef45e260-6b32-4a77-add4-6666fde4d818,19,2239
1cad308f-1306-4d46-abb0-19c0ada7454f,37,22378
62724524-071f-44af-bf83-ba3405ec9700,35,18086
c301efaf-0d9f-4d04-8885-e8fdb37d809e,49,43744
6b27d407-b66d-4c7c-8d22-44dd44aef9d6,26,9055
81759147-c395-4555-b947-7aa6f65b23d4,16,2846
4579d079-6788-435c-9c99-3745c547bf5e,25,5304
1b6eada3-8495-4570-a854-b25c473d4de1,30,11942
36766654-3fa6-4ccb-992b-157ee1195afc,44,26669
5f47bc6d-2551-4b7f-b7b7-87794985431f,46,34100
d74b4bcf-9668-4e2e-83af-fb33423f28d8,29,10543
6307811b-0c91-4282-9eed-c31ad5f33806,12,634
74a22296-3e78-45d8-83e2-e60f7be29621,23,6086
a9355aee-9599-41bd-b1ed-6d2e63ac86f7,48,48406
e2516ce3-1ec0-4ee7-aaa6-c6fa2b3d95b7,18,1617
2c063fa8-4d53-4e4b-bc21-be738b8cf20b,50,50966
ae44d81d-7607-4363-8ce3-957049ece917,47,43712
4eee12df-2f9d-4f50-9a0b-32568a793cf3,22,5800
77e3de8a-5f6b-4a15-8302-80b71f6b1166,19,2855
a8c9e78e-4ab2-4e1f-818e-c05597b1e4f4,16,2717
dcd430c0-5cea-4812-9491-e8cbf474f800,20,3511
2a6d9a94-eea7-4dc9-bf86-0d50ca603b10,30,8504
946ba9f4-0d45-45ee-9e93-c913cfa0af67,12,1246
1b5120b7-c93b-40a0-a9b9-7952fb4bdb23,36,15992
00745425-0bd0-41c1-87f5-3d0cd36fc201,42,25920
d95da8c8-4f2e-40ac-ba26-53c089c463b1,32,12367
fcdb2ebb-b8ac-408d-94b8-e5e246e186e0,27,8809
7edd6449-c383-4187-ad8a-c8081d9d4b20,22,3027
4b6f0397-d3d0-4fc3-adae-6c554e44dae2,17,1457
a70cc058-4e2f-4315-a4a6-7f0c706ceadb,44,32698
2f0b8b2a-e6d7-49be-a4e6-7230098ea926,20,3846
72723eb4-1d67-4528-8c21-d8bf9e4d64b0,22,5733
9de97e79-be8a-4c72-ab60-ef7dbd850984,50,54336
93d5f5c3-d612-4514-bfd2-e7c80b25e29e,29,7963
379aa0ae-c34b-46fb-8934-3a318f73c68e,23,5648
692fd418-6ced-473d-a45b-ce0d765a17a6,21,3120
aadfda8c-4dad-421b-838a-cfa224a7b5d4,32,13697
aeb75d7e-e1a7-4a9c-9be2-4a79003b3df5,16,1798
4de94daa-3fd2-4e33-962a-561c171d882f,34,14949
e01a7dab-ffed-4fc2-bd4c-ca6d703d51d3,16,1337
f1f569f3-e04e-4c22-8ae9-13aa459cdd8b,40,22687
f835b44b-70bc-41f2-92ee-0102800a926c,42,23730
130149ed-5f35-405b-812c-331a9dddaff8,15,1318
8240515a-e01b-407c-bfaa-26008e301eea,46,34089
7c12fbe3-7e11-4af1-8cba-8c60199e4950,10,589
1f874e26-59b2-4d38-a3e4-b2b33fd3973c,18,2604
2bfd7da1-a0b8-4b90-9021-652ede38cb1c,13,1453
37829c73-28eb-4b5e-ada2-7534e6b453cb,15,1231
12f0d30b-3146-4d5f-a7c5-1d631cb64db7,40,27777
ff9fb21d-7ab1-42e9-8f8f-fbcdc0e69aa9,47,34917
ec697f9a-fc48-4546-ad6e-1108d75595ae,47,40524
b155ea39-83f4-4324-a30c-b5cc9edecd84,50,42206
4664e54d-a531-4ded-beff-dcb17e2bb203,50,51183
5fdacb0f-d37b-4e7f-bf24-092ec51bde12,24,5441
30f63dc5-772f-4a85-a870-55e91e88c0e6,12,527
532ed3ae-4309-4ff4-b30f-5ebd1904e0e9,31,10697
5ccc1648-755f-4c42-b9fa-6a86214a34c6,11,1242
bf7e5dc3-9098-4749-a4f0-418556594878,38,19169
90bd92fa-7507-4e06-ad68-03ec45ac1bb6,31,8900
350a7c5c-d8b8-4c65-a8ca-758f50c79a17,13,917
d62fd298-2ec4-477b-b0f4-98d5325dc0ce,27,7832
8e3cb867-c1c6-4c05-975c-0ce783f28462,33,12024
24ce3866-55e5-45a0-9271-f4c9dd03c8c1,20,2384
fd0b5c91-b626-4e76-8c5d-1135e76f1188,10,822
dcd69936-9cd8-462e-a075-d6a46dc2b7d6,23,3472
0e882b42-bd4c-4cce-8eec-1367ddeeee37,30,10778
16f21487-a0a1-4f87-bad5-ba96e3583264,21,3938
45e54a7f-66d5-4636-ba86-7676fa6544ec,40,25189
5eb6e64a-5020-412f-836e-7cb33b32bfa0,25,6873
55354730-b2eb-4699-90d1-82f00c6a17aa,13,1770
16308fa7-f753-4674-844e-f8011d99e5b1,48,37151
1b3121a1-18b8-4399-bff9-5da12e61c629,15,1878
6e05da10-c76c-400b-b49e-1a9beb4bf3e8,25,7399
3e5e64f2-c096-466c-b00c-f2669f214fb4,47,35702
b23aec16-e83e-4a4e-876a-b45ef411570d,31,12253
5518d5d6-4425-40ec-876f-390e3553a13f,34,12610
e47d0e60-a94c-4f69-9c5f-289dcacaf2df,36,15565
48d3845c-86dc-4703-a05d-4420642e7dd1,20,2384
68935be4-11a2-4ef5-a73a-f49ba82c6781,13,1189
b8a100f5-2f0a-4cda-b4ae-89cae629613a,14,1645
3722de98-9eec-4f5a-affe-ef5a3594d46a,17,2812
0a6e972e-3045-46a8-9949-3e425ee250ce,19,3861
f586a76c-11c4-4377-91c1-676de086ec38,11,1253
b306d857-7553-4ea1-b9a0-043d1443fabd,10,496
e7e4d387-b69b-43b7-85f2-2db4094d0ae8,14,1115
58b5d6ff-da00-439e-ab0b-afababcec636,14,2027
96c7db0c-74b1-4c41-97cc-ad06c34e3495,10,1027
d06ef8f3-14b0-4f41-925d-fe7e04c11d5f,13,777
836c1512-b23d-49b5-8ce2-7eb26a8caada,14,695
9a68fab2-b99a-4c64-9359-ab7709ad8f26,17,1707
b0941765-194c-4700-9b0d-f4992b2c0fb9,18,1668
f97533aa-0bee-4399-b5ad-0bc2a5086319,18,3234
1645713a-bdea-4ab4-8e5d-c3b742df5e11,18,3315
79dedfe2-51db-4362-b472-752612a474c5,18,2474
bad26f9f-be93-4815-a87d-f8df772eaad7,16,1185
8a23bf19-f62a-4b4f-8a24-b6eccdd8beb6,15,886
296cf987-5dd0-490b-8579-a5ea9b4efcee,15,934
f2f83d56-30e1-473e-bd07-2b4bd61463de,20,2101
6a71cb8b-18a4-4c78-bdb7-2ecf63ad6ecd,12,1205
a27bd776-65fa-4dd0-a38c-d4adb4775367,14,1984
1e5e4d23-05de-48af-a8e2-34297dbd977f,14,1577
52d3539c-4d5d-4afc-afba-6d787e72a923,18,1830
158d8ee3-4975-4712-ab03-4e2a30420a29,10,764
261711e0-5b22-4dbe-a86c-9a4ee6406672,18,2336
7f527660-d024-4ec8-aca9-63f7e0419931,12,1369
f94daa9b-29bc-4337-9f28-f01e90fd71f5,11,480
6c28ad8a-de13-4691-9a14-02abadf9e3d2,10,213
b0cf3f0d-1133-4afb-a8f4-a7c1a9797cd4,16,1222
22a18fb2-197d-403a-9c90-1dd4e556b11c,13,782
7b8f077a-148b-4da5-9753-35c15aa49b86,20,3380
2798bd14-c252-489e-8a84-2d593bc24692,20,4487
99fdec3e-bde5-43fe-8cd0-4eb8db77a035,16,2374
07ade9be-020d-4aa4-bd19-ab4899ea6065,18,1596
c6a953b7-ab78-47a1-8208-ac67619ccf89,10,523
67af0b5c-9069-4819-b6f4-9b1a7683b74d,10,368
14b2bab3-d762-4e4a-97d4-68f1b7ccf5ce,15,1270
c45657d5-dba1-40e6-8451-5e52d2ecbe5b,19,2553
75002c8e-6a7a-4598-9f93-d07a0cb3cf82,11,400
5be685ff-5ab6-4881-a68e-4fd68788d439,20,3236
b26e528f-258a-4c6f-b138-5fbc1ec210fc,13,1035
467ccf0f-2341-45f3-9621-d5a5586917a8,19,2673
f3ced612-9617-4583-ab7f-9fad2ef9b927,19,2040
b213f9f2-a72a-4e6c-a01f-8a73046b44aa,14,860
73acde2d-1dff-47a9-8f17-3385cd9a34a2,14,1482
804be9b6-2b54-42ab-9723-4f844b1f1650,10,976
9542b447-5a60-4602-b583-713ff9efc4f8,12,1524
0eb9d6e5-8af2-45c1-9e0a-efaa6165d5b2,11,1078
f94edefb-7eb2-4899-b0d8-c8d1b864072d,17,3106
ae568a8a-6dcd-4475-b73c-83e8b1deb330,12,1001
270d9dd3-cb9c-4bd9-bc1e-0f6b4e77132a,19,3998
7a2c15e0-b6b9-4f1c-989a-d4a10571aeec,19,2183
9fbfbfdd-6380-45d3-aa92-6928a0a82921,20,4660
16523459-4278-4c52-883a-4b4601804552,14,1361
a93b98f6-7e45-4bec-afba-f4ce7bc836b2,17,2744
ac15a245-7163-46ac-872e-6c0248c675c8,19,3578
64edfd58-aecd-457e-be9a-bf0e5f5fcdaa,16,2268
ec89f2bc-54a0-492c-a524-ec8e6610db52,19,3298
4959612a-eb53-4f98-8c2b-dd4c3b863de3,20,4293
b6da9b1d-fc5d-4206-a23e-87bf06dd9bef,19,1709
92d525b8-172b-484a-a661-3413a90be9a4,14,765
13d981ed-e4bf-47be-bb27-b818de5151e0,10,756
72c5038c-7c38-4103-9c7a-a4815005c3cf,20,4093
67ca3e90-212b-423a-982c-f04088852b3e,11,811
90b3abd9-3ae6-4808-a739-e3e34a8798ef,17,1163
6e9c9bab-3496-4132-9c5c-e9587d7ae305,15,1358
9c9ad252-0ad7-463b-9046-3bc0fc59ef75,12,854
725b7699-12f5-4da4-8c7a-d00beb3c1571,10,822
6a4e7a4b-c39a-4d79-900f-3d57d376bfce,23,5723
da6db055-6659-4b72-b024-e6d624d47b49,32,15386
613c3e59-fd52-4fe1-bd8e-c77915fd03cf,34,17469
b3d86e5a-7944-4017-8c63-9440703bfba0,12,791
60410239-f476-4e22-9e03-4fb9df24c8de,25,4809
411e437b-cac0-42e5-9753-3cab2b9a5b58,20,2559
ac55c042-5c24-4db5-bfc0-ad1be3eb0a2d,26,5557
3c4ec5b9-7867-488f-b499-768ba40ebd79,20,2504
1e94e287-d3f0-407c-9a12-c6c4d94cf9ea,27,6649
7c13e78a-78da-412e-82ec-9ce40a1233b1,11,1089
6e4d6d03-5282-410b-b333-029fd98ebbc3,30,10373
14cfd574-b95e-4ae0-8c4b-d89334b66bc0,14,938
e95af348-cb94-4376-b1c5-f00bbaa1e0e3,29,10540
4d234cbc-1fb0-4616-a01b-dc1c8dbe1a40,28,10656
0710f1c4-6c04-488a-9a1d-c0b51db47c61,35,18474
8ef91fb2-3d36-4a70-9002-66140ba5d12a,22,3393
9739b575-5dbc-4b73-8c66-2e71c78d67bc,16,1528
467db3bf-fe11-402b-814d-20890487b744,33,11313
0302493a-cf78-4228-97c1-c7d0d5a4ec8d,31,12337
42dade8d-e3eb-4637-be74-04d07719e126,31,8663
7c59c86b-4e67-44fe-8b97-bebbfac43759,25,4343
eb130266-987c-4c9b-b415-7552e22eac76,22,4481
19d66177-6b92-4461-8e54-7d38cfa2dbbf,33,12523
d3c235ac-bc13-45de-be14-89d54349c66e,12,624
7807924e-1c52-41a4-ab7f-8e47a006b08d,24,3990
bdb900ff-7542-41a5-a127-1e701796fa20,32,14069
a6d15f12-2677-4960-bf99-d62d18014bb7,11,345
53c91238-2416-4bca-ae9a-18b702118451,15,1715
4157cfca-33c4-4b4f-bd7d-7742850c9475,27,6256
623c1e0f-184c-4c6b-be41-ae0488c80129,19,4166
639034f4-8770-4e61-8cab-98d0df6118ce,20,2747
848686b5-8f14-4ba5-8489-6aa293a82269,22,5463
4762da54-bee7-49bf-aa93-0660a29f407f,33,16026
58e4afba-dd11-4e54-af04-b7f65ca931d2,20,2769
4996085d-bbda-42f6-9854-2fb9ad13b1cb,31,11141
fa96c28e-32f7-4e0d-9aaa-fb234706ef72,12,447
3dd8f4c0-3365-4225-88e1-3fbb923bfd21,15,1976
23f73604-bd63-4895-a324-455d718ae10c,18,1706
b281a813-ec46-40ac-aaa9-54f057fa21ba,11,663
83c79e2c-8451-486e-b178-b15a0d54d175,23,5458
20206c1e-4478-4aa8-bf1b-22231fb9646e,34,13362
2221ad1e-98c4-4b96-a6cb-50d0491f4bb4,16,1828
a7dcc57e-8c3e-441d-b08f-9607e5d02340,31,13232
7cefe699-4bb1-4ba8-bd34-f51f900277d5,24,4240
8e423c90-b313-4113-b3f0-f1fda9723212,33,15649
eacd9842-1f44-4a3f-9ce8-37f8b7667a4b,29,9499
79922d9e-5fb2-4fd9-84d6-cefd9f3ef597,35,14647
99f47737-f7d7-4554-9e34-e82507cd7d48,27,6360
636be1a9-706b-45c3-923c-b2f3e3a51df0,30,11751
b4b89678-1321-47f1-bd11-8ae099939a5d,32,12354
db754761-937e-44bb-bb43-745786692229,18,3101
fb683000-6a34-401e-a964-0dd3acbcc0ba,14,1051
5b0fc696-38f9-45c5-b4dd-8340d557f6d9,14,1803
5c43806f-1cb0-4d4e-a879-692522cd3bde,22,3796
cb020f5a-4163-4edd-a45a-3c8d28f898fa,20,2030
28d6b4fb-ac5f-4dc7-90aa-2b61c4099a0a,14,897
cbe9eca8-f17a-49a8-9491-a50cb31fde15,10,801
806214d0-b5b4-4d3d-80b4-69b1950cd78f,35,17226
fcc2878f-4126-4fb1-ae66-86530cc8c7cc,30,7895
797eb2f3-abfd-411d-85fa-eef986f14b83,11,454
2226bf39-2d1a-4704-99e5-c528f670195b,13,1306
86272bb3-325d-4bf1-a36b-70dd2f7f93d9,27,5899
23d6e96e-5144-4792-907d-d58d83f4484e,24,4899
67eda139-03b0-45a0-88b2-fd80288692c4,19,2705
0df6a41e-66c4-4f18-8b59-797003c8a2bb,12,1285
c3a6cc4f-7ff7-4fbf-9dac-16c0179e7fb3,33,13160
1df2fc25-a9d6-45fe-8413-d19c04026927,29,8388
4d59c93f-d573-48b0-b066-586e6dcc603a,17,1845
ea72a6d5-0d84-4edc-aa3a-898aa0520387,21,4493
16b6f97d-0b4b-4331-b2d4-a319af40201e,15,840
88dbc91c-1f9a-4b71-9cee-d0209a6c9629,20,4529
86caced1-497a-4111-80a5-46bfe79d6345,28,8041
91f050b6-6a5e-4609-a050-5c51dfe6650a,21,2911
8cdc4765-08bb-400d-a49d-e84f92979b81,13,1389
e035bc2e-ce02-4e6c-90a4-44817cabbfa2,10,468
d0e7c087-27ef-4af1-abfd-d760f5f5ce6a,10,271
fe7b20d1-2104-4149-a54c-710eabacfc2e,13,1524
4aeb1210-60c0-427c-88e0-1ed6a81d825b,32,11898
c694c572-b4ce-42ee-b8ff-31efb97f80b1,30,8744
e182cfda-1fb4-4759-b91b-147447dc4a91,35,19014
33fe8867-b678-4a2c-bce4-fd7c97f4aa74,23,5168
f519d9d0-45ed-4085-98b2-151c1206e620,22,3302
476198c6-42a8-4311-8104-f34a809b1136,14,2108
45e23efd-783e-4b28-a338-a481eba5ae90,14,643
a93ec733-afb8-4df1-ad97-d0e7bdf36ec2,25,5287
2b6435fa-7228-4abd-8000-e5de813f4e02,20,1953
35bac63b-8a76-49f8-b8ee-a974b0b0ad41,11,824
fc2eaba1-c140-482f-bb2e-83774dfafb91,32,11520
36624762-6153-4949-b7f6-ce807a9c32f1,16,1787
9c38453c-8049-4f7d-8ce2-1d47ff4dd693,27,6765
c10aee86-f33f-427f-bf05-696bc1d7b5b8,15,938
e4b7b69f-5a7e-49e3-a3ae-667f23e406ce,33,15701
b95c0b79-6d66-43df-970e-5445fbaac05a,32,12916
945fe9d3-65e6-4a51-8242-3e6585081f9d,11,1009
1f632513-efac-4f0e-8da3-f9984e9deffb,17,2163
4a84c37f-430e-43e1-be47-c7cbb9cab18a,33,10318
c48d98fd-0726-46d2-b592-c4602204c045,15,2423
cee73e7e-a40e-4fa4-a17c-8870f63201da,31,9734
41c31f41-8055-4e78-ac9b-7520dcaa7c6d,37,16551
8e83100c-4c45-4f46-a2f3-1a3d73ffd017,25,4993
fda8f61b-8a1c-46e7-87a0-83a821b8e68e,29,10335
eb2bb3ef-8cae-4f5a-92ef-8ce41d9c25ad,20,1965
1540f5f6-cd7f-44ff-be07-58c617354d17,18,2470
20e38d8f-b7ac-418e-9bd1-90d1177df46d,38,22232
3fa45155-4aa0-4a25-a8d5-b68b6188d67b,26,5916
b01fdd16-89f5-4a0c-91b6-6c6f82d943fe,15,916
16507802-c6d5-459f-80fb-09d529afbacb,36,17752
8a63b162-25c8-4e3d-bde1-0b036770f373,37,23284
167af9c7-85a8-4773-bc31-783a021ded9f,27,5303
302090d1-efd1-4f54-9a16-3a9a36bd3aca,34,13448
7ff0a685-cf61-44a0-9d5d-c413aca5445c,29,7201
52e0f2a9-6bb4-47d0-9b4d-6e2c2c8bb154,25,7486
2a46fa2c-047b-4b61-b7ed-e0a2044c0fad,29,7333
37c4ddb7-8176-4fe5-b1d2-678cff45d8a9,29,10836
2c9b0f9f-7179-4e17-86f1-3b7de216689c,28,6270
12862599-ccd3-4171-b032-3f71d17b0dbf,36,18484
2135a4fe-72dd-424d-a6ab-cf674d6c02b2,35,16256
420d2435-3a1d-4015-8e4c-147bacb0ac65,17,2525
7747115a-cf61-4a8a-b7a7-9e1ea1fb5b31,37,17899
f2bede04-b798-4110-afb8-63eb7ba26668,19,3961
6a401c09-abaf-42bd-9f55-153ba8d2f250,15,1005
0794ade1-e5d3-4700-9974-f70c25fe5c44,40,24109
d58f572a-d340-43cc-8bd1-0767a4141ced,13,1524
32e6b838-659b-4b14-9388-f926d47622ee,38,22956
683e813a-7ae8-4094-a2c8-79308ab48d2e,24,6345
3bf80b73-b91d-440b-aeb1-4ace0d9d76d2,15,1246
008eb5cd-dd53-4fc1-b15c-9fa6163860b2,35,15884
ae6f002b-55ac-45e5-92fa-f135395f27e7,19,3413
39042861-5848-4076-9fdb-7ce801afa526,16,1826
87a8375c-5825-4e61-bda9-20a29bc1c2d6,32,11014
521831fb-fbf3-4e02-b194-808ad0e1e493,27,8569
b93b8a92-79a9-47fc-bd96-0df4986c7513,31,8746
b69ea98f-1c0a-45bc-8446-90bbbddd9cd6,34,13802
e51859ec-4598-49d8-bfe6-eb7a5ac08fd6,23,3559
dd155c8e-193e-4d48-b51f-a254df509b17,27,9156
feaa133d-4c12-4bdd-b0f3-33710ec55277,28,10440
829813d0-1144-4d53-b260-a7a51dcb8a60,32,14642
c4f6bbfb-d584-4418-ac00-b2dadbca58a7,21,2295
16adc6d5-05b1-4469-912f-23ee1395a5df,32,10702
995d8b7d-423e-4020-8827-f69dda77d198,43,28394
546c1f22-dc1e-4b4a-9624-75f64a7a67cc,29,11356
67d6aeea-b1f9-4a2e-92b2-757c2ff4007d,13,1061
3352068b-9a8a-4a20-a5d1-d8d370fdd671,13,1171
ed4b0c9c-b7c8-4188-b839-2069f90d3807,35,17507
f290d1f6-773b-46bc-9026-6f7a46465df2,41,22143
2395e955-2959-41dc-a0db-a2c6ba5bdf74,41,24512
79853da9-9d96-4c3e-9b1a-30316c05f34f,18,2804
b4ec4c0e-ea73-4cce-a89f-ff6f1f35429f,40,19934
f27e048d-75c2-4d24-bfc0-349ad68d6a98,49,42484
92c4919e-6e12-49da-9a98-d30addeb919e,25,5761
f09cfce2-c64c-4b04-ae41-e61cff746667,22,2845
a7a28e67-6539-4971-b1ad-1331b15d59eb,32,13709
da4c5145-bc31-4bb3-be8a-291a7fadbccb,36,17086
be6aab79-18b0-4fc3-9fde-e158d757b67b,21,4043
8906ddee-ba39-49b3-a55a-d03343d01b80,20,2852
dab087c7-3f4b-4004-980b-ee1662b61767,48,40087
0fd64cd4-4af7-46b6-a7b9-033c1ea76477,21,3947
a162b747-4630-43e9-8d31-369c4a5a18cf,26,8153
134bacf8-a971-4b36-b3a0-e404b1b3c4f2,41,24210
3870efe9-75c9-40b8-8607-e86ec154086d,20,4359
75a91cb2-8ba7-48ff-ace7-714d990e603d,23,4840
4e5c3d2e-3dd8-4696-8908-24b53c6fcbe1,16,2387
97ca2457-7430-41d6-ae3d-52b86e468c23,37,19892
96086e0c-2417-4c1d-b1c8-0ec83b5e8554,35,15225
7e8d8371-00ba-4922-b320-02323d005e0a,23,3615
01d075d5-a814-4579-995a-810f7b9f3ded,25,6310
ad1968b7-24c7-42e5-9859-aa86dad2a827,44,27179
62a30843-1b5d-4b9e-8a94-1b531c7d3e44,31,11801
62d9923f-2627-4a53-8859-6bf2d3f79486,45,35659
33c1d7a4-02d5-4d87-8927-66c23b15fb4c,46,34325
f68fab62-4454-4f24-8287-0c74d8c96974,22,3101
e0ff6e67-3abc-4ff2-81eb-6f2cf28b6fb5,29,6709
2465390e-fde5-4178-9356-5d9aabe1f8d5,33,11904
d0846084-4fec-433d-af9d-93d94eaca911,41,26624
805dc351-ad82-43ab-8e85-61e1413b3e80,28,9078
bc453c03-99fa-40ff-a401-fe991fe3fbc2,33,16661
5b63ed2c-12b4-4e11-bbad-0762c1731414,23,3396
18cc0cc1-d955-4faf-9931-40aa2cbc42a1,22,4994
ec726106-7b71-490d-a065-ab3a50c94ae0,13,1365
ab8174fa-cec3-44e9-82ea-4f79436be1d0,30,7713
5d956f6a-b46b-4964-bfcc-817728e826da,18,1516
ea5cde91-41fd-4ccd-a970-bbfa6f70a706,13,902
3fbfdef3-7f17-4473-808a-8c33234671dd,29,11451
ae64fa79-af7b-4095-9b00-f4a49c5979c7,17,1606
e42dfa06-2f39-4796-9751-d8756926843a,27,5502
9b49c17e-4fc9-42d5-b929-6a34d9fa61d6,48,40777
49365af4-5496-46eb-8cc8-4351ad061121,23,6508
f0221e26-3196-42e8-9342-341ba77a5bdc,49,47819
703781af-ae38-495a-ad57-7c821c8f322d,36,19441
ed1df3db-c4d7-460c-945e-dd14a017dc38,26,7431
cc98f08d-d1f5-40b5-8408-75ab0e32aa05,30,12322
6a35e1b0-4b0a-48a0-b556-e4c80600de25,40,21874
ebe8fcfc-aba0-4f4f-8328-678f005eebbf,46,39359
87d2a1c0-39af-4fb2-88a6-a3538d146518,18,2319
848eeb6a-b080-441a-9851-68e823691171,33,12623
7ca18a8a-f271-4439-be38-628a9681461e,28,9248
2201169d-5020-489e-8ec7-092333167a90,31,11462
d18289ba-e82c-4b98-b984-36fa4616966d,41,23101
9b86c2c5-02b6-4904-becd-5a658a35d2b6,22,3210
d529ff78-4c1e-4771-884d-f7f7a51e48a8,22,3856
94bb74ca-4f3d-4a8d-8b00-eb36bbcd26dc,27,6311
135b13e5-4825-41ee-b2b1-cd8f4136b49c,40,23117
6e328959-2026-47be-8eb3-e6ea0ddbd948,27,5859
8f5196a0-2ffe-4173-94b2-f1e90e5bf93d,50,41467
1aa094ec-1116-4a7b-8b37-8c70355d93b7,15,2454
bede5a07-7b6f-4036-8b15-004594d6bc1a,15,2040
102d14e9-3277-4b82-a510-cab91d8457dd,39,21020
08a3b7f5-7b39-499a-a423-c04ba3592368,19,3910
ab13eaf5-dd53-4ad5-8e10-953fe198dc16,27,8870
88604886-d776-4729-a8b8-377a7770d6f8,30,13064
d43da7fc-986a-4524-bdb9-43c8778d38d1,49,39991
99894d55-fed7-4b23-ba76-7e4010eda72d,31,12559
24af1203-3b80-4a97-875d-25daabeaf2d0,15,1900
392addd5-a69c-4330-97b2-75d896c8b4c4,19,2542
1f952383-c18e-438d-b192-5d45eb4b99a9,22,2855
e381f1fa-46ab-4b3b-bdb7-3be6e3995356,10,567
c225db4d-2ace-4a17-a816-653d079a4a5d,23,4250
6d7adc96-4b5d-4953-8a59-abb48c536660,10,557
d2219b25-ad93-4105-a78f-dcff4d8ce9b1,20,2832
f8e94e61-3662-45ce-84d3-5bdfa80c40c3,12,1200
00dbc2f5-52cc-4d1e-9a96-440bbd87efdf,10,695
fbe8f8f4-ac1f-4e99-9f3e-435432724f77,47,39822
655bcff3-b6a2-49fe-adf7-70b0b8b51c3b,20,4385
6c071fa5-2945-421b-9a4b-a005bdda00e1,35,19409
6869c07c-f118-470c-8c58-d6e244f4719a,34,16908
da94dbab-7578-4d23-a52e-5d468f148713,33,12724
7eee4a24-f9d5-4a94-a806-330d19246f07,26,6529
ba5f62a8-ef0e-4889-b081-9662d96b6e23,29,8763
ef67e5fd-3009-4637-a277-f5fe24665190,31,10635
8a2e2d9a-ee62-4716-8e77-2adfb9e18b3a,36,21466
75a5e66c-1028-4263-8e0f-5657384be739,14,950
e58c4722-849b-45b8-a32c-cb7e11dc2367,13,1505
97bafaab-d65c-4f75-9df6-a8bec6495ad1,27,7850
5bb17bce-325b-41e0-8231-84158eef33b0,28,6479
a075d72e-75f4-4a33-97fb-cb72a0504ea6,30,11788
8b396a6d-5a1b-40a4-9b6f-0590af79e496,45,38776
f6545bc6-44c5-4f47-aaad-48c1222075d7,10,375
020c5b3c-b65e-4aa3-b7d4-021ae07a91c0,21,3376
9a3e7551-94ec-47a0-a425-108086664e1f,44,27282
09f98e44-d1cd-4c1f-80da-3749e64ef0f2,35,15328
079aba09-0cfd-4bba-adfc-ad591296f801,18,2464
97241110-da86-40a0-aff0-9d2efe1968ef,50,51362
c54f89ae-3540-4de0-9775-ee832b67b9b5,26,5598
e49c6662-23c0-4b8c-90ed-27330b568631,33,14091
65c632b5-0cd1-4c56-980d-1a58a2f87367,40,22602
17430467-60b0-45e3-9798-dbbf1bce8bea,47,34369
5fac8415-5d49-441b-ab87-a563d68f9e41,37,16885
493233c4-8f83-4d5c-bc42-8d27ee896d01,39,24315
b9f54ab1-d91c-429f-ba57-c693b26f3bf1,29,9513
390668dc-9f09-441a-bce4-d7432658970f,46,34779
96459fa3-a575-482b-9ed4-3fb86794a7f1,24,7269
0244846f-1652-48ec-9917-f9ab376eaeb5,42,31227
3dcd63ee-4ecd-4507-b1a4-a7894dc3614e,12,869
b3f5c13d-6190-466c-96b9-74941a57a643,22,4418
06e31e0f-e975-4d9b-b766-ad3ee12a2965,18,3134
44e69e88-f83d-4396-9870-bae1520c52b6,22,5730
86a4e555-a844-48ee-b611-fbc3c246809e,40,25202
5b9390d6-ca38-4940-9d75-190b27b39f96,19,2027
6799231d-1997-4bb3-b715-11d36cf223ee,17,2629
10e37939-0d26-47d1-bd3a-48bb50a8b480,38,24532
760aac56-7a9a-4070-8c6c-8e8afbcd8d49,32,12676
e282c5e7-ca7e-4296-bcbe-bb7f34ea3514,14,1104
e4f108da-829d-4f03-8972-a425898e95a3,26,4792
ee5c4f06-a859-4f6d-80cf-0fa9357fb002,22,3467
244e6bfd-3ffc-439a-a9f0-cbb09e30fd48,41,22053
54d74054-6b5d-4fdb-ab8c-504eb619096a,36,18069
274373d9-1803-4e68-9a46-d125e8e6dbc1,33,14126
d020f2cb-225f-4152-b09b-b4365d0fcf61,29,10990
db4eb993-b39b-4d34-93f9-b861aac63795,11,1055
48557153-2019-4ccf-9b7f-45285fd49c1b,39,26089
87d53cd6-8b29-4086-bef8-d638991fac38,43,33131
103d701a-3c74-4ea3-925f-06a6810eb193,36,21495
92b92bcd-bf3a-4772-9124-406bc927eeda,44,33158
c66960ed-1396-4c95-9a82-1e58667b7ba1,30,7467
f5c2937a-b142-42bf-a4c9-ee7b9ad3bf70,49,45776
9e78b444-8cc8-4d1b-b19d-16be413b678e,34,15172
b6c3214b-59f2-495e-9be1-aad7884204f9,40,27379
64eea1e8-bbc0-44cb-bd5a-6017e2de7462,16,2772
b93e0c31-e044-4234-9a24-d260ea2834ee,32,14885
5b449e06-12ab-4ebf-a98e-16c5753ebadd,34,16364
71177d35-78fa-439e-b78c-b6588ed0b2a7,24,4806
6b63f25c-8698-40c9-bdb0-cb1871ceab7e,49,39679
c774380c-a3fa-4fa5-a8c4-949b881023bc,27,8065
028d0834-8160-41d9-93cb-967f713b38a7,50,41091
033d3622-e6a5-4533-ad25-35ad22d7b504,48,35500
47aac6d9-4dcc-494e-82e8-a15eb640e40c,20,3746
f6fcb24b-c972-4404-bd93-d08535afb051,40,26901
442292c9-9268-486f-b348-f7c9c56aa19e,23,4406
a267bb9f-5826-49ac-a5c4-329374434203,21,5011
41ec451c-f9ba-4e47-9f1a-ad80b8313359,11,757
6b87a39d-b9d4-444f-a1ee-11ad07552d0c,50,53516
13cfb3d9-3989-4982-8d77-c237a0ba1ff6,33,13211
1a0c726a-cfc0-4c8e-aebd-96e38084c81f,50,40871
c7b205c7-c91a-416f-b8b5-8da01e6f54c8,50,45763
7179a9b0-f88c-42f9-9aaa-f2740e010d89,34,13641
413272ce-45f2-4a2f-b5b9-a368c8a50cb3,16,2660
75c8ef0b-7b14-424c-b4e6-d8f87daf7755,25,6438
1a154de4-fa10-4f4a-8ede-c641b69276b5,44,27601
d3762d83-beb7-4f95-bc6d-6324c7e321ef,20,3694
abb091b8-9823-4b35-aeb8-dadb7f00258a,41,23231
388ab33a-7d59-49f5-95db-4446d54f7e9f,50,49946
c5737398-74a0-4d47-b9b0-6d69335c72cc,19,1759
0cdf561f-d404-4dc2-b219-74d874d0f5b9,46,38744
543f897d-20a0-45e8-a4cd-4578ce090e57,40,25720
f3a6a312-fa1f-4f06-a958-492c9bf05f15,46,42136
84766321-8b69-4694-b01c-2f6d5e6e5854,29,10603
00f7f37b-9d07-48f6-aa17-4e7de7d3ab4c,22,3033
ae867328-0c25-437a-81d8-509fa9eaac3f,18,3064
b664a431-4963-416f-a8f0-687a32ab11d1,33,16349
e38bafbb-04d9-4c63-933f-fea4d1c2b930,32,14046
39997e94-a895-4ad7-a480-021bd46313ec,19,3325
b9ac502e-afde-47ac-a1d5-099fa9c817dd,10,435
5e1e99d3-61b5-41f7-b6cc-55903a292ef0,10,312
3e48234e-5282-45da-85b8-8ca8de090bd3,18,1408
e5b683ff-aa21-4498-bdd2-de3f59bf06a2,48,43385
037cbd42-c5c4-4787-a1ab-920ee94be3e1,25,7908
6854d03f-f0bc-479c-b3f7-63e3992f4aa2,24,7056
a8a955b7-0e27-49b0-aefe-f88aa4dc8a39,27,5317
09ca7d04-f713-497b-b5af-3979500abd81,30,11026
52138272-137b-4faf-8849-0d3798f293da,18,2209
b06982da-fa0d-413c-a922-6239f582d305,13,934
99221fd8-bebb-43fa-81c1-437791f7234e,28,7425
754c7bd3-607b-470f-b463-cbcea21ea93f,15,940
0775a9a9-4901-450c-a73a-1405127c1cfb,33,14843
87dbc46a-9398-49d5-807f-9c7a91c7b40f,36,18757
8d6ac783-1b79-4688-a6da-5456afdfdd41,30,11793
e79be333-09ec-4874-8d5b-b6b28b6aedc4,24,4779
515d2bc9-a383-4fc8-9acf-6f1c8b9f45af,28,8903
48386fa7-5c85-48fe-953e-46eb94116fac,21,5368
b2f72382-b62a-4a3a-a7c1-4ade3d4e662d,50,43454
1f2cbafa-a0d0-41dd-86a1-970ce6de92e3,46,39761
33c5babf-870b-4e45-b417-bb567f58b5a0,48,41626
ec4d53f9-6608-4a74-8c50-461e21934036,42,26865
cf680201-abef-4284-a3d0-a97c5bae3a6f,20,3022
e5b8939e-d6df-46d6-ae31-7e745451a00c,40,22778
ee39f6a7-ef8d-45df-87a3-0f316beafa07,32,14507
eed92a93-362e-4e71-978f-5615125f6dc8,21,2707
c196b5eb-e9f8-47b4-857c-32175dbf02c3,39,18841
f5a2afb4-1918-4ec4-bc84-d374682272d0,24,3748
5e77ccd3-60d0-4d35-91e5-d58772c55304,28,7559
470ff196-9ecf-4388-b706-5f96e29c8b95,35,17112
99a4610c-19d4-4026-8d50-b040af324b32,44,35793
76b1754d-bb45-4375-8304-e4dc63534544,26,8569
f7419c6a-06b0-4bd0-a426-ac3b7ea1d6f8,21,3729
b69ed912-e218-41c0-bfe7-d70c9a913c6a,21,4225
a490382b-e4e8-4001-83e0-d535fd52e6e8,47,35752
29a80156-33da-411a-ac90-d9ce8d4f28cf,17,2201
91a89a4c-b7d1-4c07-91d4-f607a0502785,20,2599
851c2d37-b163-4ef1-9964-0bb251056f36,41,29631
067be89a-2e92-4b3f-a3d6-399fc657ffdf,13,1452
2cd901e4-4eb4-447e-b5de-b998fc69c4cd,37,19580
8484ef0f-359d-46c3-bd95-297b12f4a0b7,45,37962
c24f88e4-8a65-43d0-869a-eca32a099b14,48,40149
b16d04ff-7d82-40e7-9540-1d6d4244d1a9,13,1126
968f56bf-3464-49b8-9de2-9db8ca23fd0c,20,4507
0ae085bd-1263-4963-80c5-11c9b1c8c98d,48,35779
9b24e6f5-9570-4c2a-a2b8-e115d804de35,45,30717
eac663de-ddc5-4f47-9df2-d6320297b351,47,38995
331af7ad-6b51-4ccf-9726-773756093d90,47,33040
91a77a3a-19fc-4774-b37f-2a0269e9bd3c,14,1628
4b9cc1dc-6ca2-494f-a8be-a73e8e610c5e,18,2308
8a395886-82e3-4ef8-92f5-82b3fe189cb0,11,688
a22dd109-deeb-4607-b5c8-5ca3b98c288c,18,1598
b0199549-4a4b-4ae1-91ef-a3dc919871ca,20,3839
b590956e-59b0-4005-8d57-afd9e0df89ce,17,2014
33030571-5fe1-4fc5-84a6-9ccac7af0ea1,19,2722
ac8a0ada-ae22-4046-bc99-56f3d3aead05,15,1614
fe7ad524-579f-43f2-9db1-2a87ba3b2d8e,15,914
8929ce7b-439f-4942-ac96-83388d5245a0,15,836
50f0773c-571b-4d3a-af1a-80255814722d,11,654
7d9d66e1-0291-4aab-a532-5bdea1731eb1,15,1674
fa4b109a-0a99-4e6f-988f-cb4a8bb3eb5b,14,1532
9464f324-4847-4f55-89c3-1fab1544e8b8,15,2338
51ba4b2d-4e00-4569-aa66-2ac0795235c5,17,3123
dcdb2b29-7348-4131-af42-93ede03f093c,13,1658
fb82cce8-f0c9-4d0b-804b-2c9be1c2fbb5,11,515
ffc6ef21-4c13-4c3c-8072-507bc31a9d27,18,3679
d58dfb3a-8314-4f13-959e-acd496c424b4,13,474
3185f6ec-b027-4639-9045-5a3d11e7fd10,14,798
97e71adf-b4e5-47d5-9b1f-14545e7c916d,11,381
ff39a07d-a4f4-4f9b-9692-433efcd6cb03,16,1699
aa01e83f-5f58-401f-a5de-f460e8a45f95,19,3543
c73f2234-c873-4c19-920d-2e42a7df00b8,20,2220
8a9a9555-4ccd-4207-bfb1-2029c96cd898,15,1404
9041214b-7d90-4933-a8db-d33d05745d83,19,2163
e3ef3183-3ae3-4732-a0a7-01bad4500f58,15,779
6e71f849-2351-4db8-a258-795ee4f541ba,15,2469
ca6f04f6-3a7c-497b-b29b-ce4840d73ff9,12,822
f75b8f31-0323-4f76-8f24-5cd18b10e17f,16,930
0927e881-3dcf-43f7-8275-5e386b36d863,12,1467
01f2ae59-c75c-4573-8402-12bdc737620b,11,961
fd36c8c0-5a0e-4dab-a4b9-631bfce3c118,20,2131
ccc0da8b-18c6-4fad-9fb7-b436fdb90900,17,1266
7629f4a7-071e-4615-bade-27f1e86aba54,11,433
450af883-0f37-4067-b609-5e72c72f7375,12,890
e66ce2b8-1fb3-4703-a73f-376aa105a3c4,16,2079
855d1338-52f5-48f0-8974-972f9169b55e,15,1621
da681d2c-4af3-4a5e-8305-014afa00fe51,20,3297
1a810a18-9f00-4b56-83bf-62ec90fdb7e3,11,297
e25fff84-4a22-4cac-94b2-cbf3c8c6769c,17,2012
d5d8c3df-2ca2-4c4b-a3a3-4738def7fa95,19,2190
44358535-4cc4-4e8b-9412-210b218a04ce,11,916
52d91da9-e952-4433-b87e-e24d5d779821,18,3684
b6288342-3d59-440e-9b74-9b2d0ef03094,18,3305
c0001b2a-15d5-44a7-acf0-ecb0e2464a0e,19,4013
b0f9177a-e772-4adf-a476-fdfd66f98195,13,522
746c1fbe-ff75-4363-aa2d-c3218361de34,11,755
d0f47ffa-5161-4c06-a22a-cd53321fd813,16,2097
2688a7b2-8ff0-4dd2-9dff-9a7ec0537e5a,12,823
02414e78-a191-42d9-9be1-d10fe347a86d,14,1381
b2719c54-a0a6-4c60-a96f-a2d528224b82,10,453
019cc9d7-a392-43c4-924e-8a3e038b19b5,13,1606
5bee30bf-9d7a-42f7-ae8f-d5acd06b39f2,11,1257
e31e5611-3ee5-4191-aa5e-ad0e2d2e2c44,11,940
a48dab01-35e3-47cd-8a0a-13406f8830a1,10,411
51275d06-faa4-46bd-83f0-6fc0a1c59f67,20,3119
4fec7b3e-2498-4e64-b979-1d790e392611,12,896
021a59ec-e9bc-4c0d-b8a9-aa8243ff8e25,16,2193
f2319db9-f6c2-416c-ad6a-28fe74da71e8,18,2783
f81db480-60f9-4cbf-9059-852d9b22901c,11,295
356db183-ae1c-46e9-b249-14244b9f2cac,18,2127
e0509800-e1ae-4847-aa4a-4bfcbcf5b4a2,16,2415
78ce088a-721f-4c03-883e-830c67771bb7,19,2351
16d4057b-ce83-490b-bbe6-c504e25bc681,11,265
5a18bc6c-a32a-4fec-8139-e7e68e945f99,14,2098
c8b55a4c-d5b2-4f7e-bf12-b415e4cb61d3,13,1489
08688194-6b70-4506-80a2-9aaabcb643d9,18,3031
eab20220-c316-48f7-9b6e-30e8739ae0f8,15,2005
7a5dbb13-68e0-4abb-b24f-084443a46d07,23,3970
6e71f73d-ec65-4ea2-857b-9e037368b111,25,6525
0ba948bf-bbee-4a06-8738-2dc8d0d4e22d,16,2200
c8353b98-7bef-4d91-9ca0-e15631ddda49,10,823
1aa38bd3-9400-418a-adf1-635928c77520,23,3760
e100501e-4253-4958-a384-2a6fc1ee1e01,31,13431
26dedcbf-32fe-43d7-8ad3-d885fa68372b,33,13157
88f7a3a4-5c9e-4ebc-83ef-4d388381cdb7,29,11994
1b20663c-a0c3-4546-832d-ee48769342ff,10,437
efbabfeb-ebb7-4925-bb6d-4edbdb2dd438,35,15275
c51fb93c-7f53-45ff-a029-91608c97c13b,26,6041
62348493-e962-4867-a5b2-157cb7d38517,18,2116
601f9750-7c21-496c-b39c-8b19eecbb659,24,5654
a944b890-252a-44a3-ad3c-8118c03c5d95,14,1632
46a008de-32c6-4987-908a-c78470c5cce5,32,9673
0e3c3a8e-87e9-4010-b48d-404529c57a54,30,11923
e4444d6c-2037-462b-9140-8ded227b1734,10,690
28e6515e-9191-42ab-9b61-61375798a7aa,12,1427
ffd90f1f-3349-4c9d-aeaa-7a4281fa4f5b,15,778
f9903fbe-f474-47a6-bb55-ee19f6aea2b0,29,10961
a7fe912c-bed4-4c3f-a775-9491cacf3bb3,29,9603
78dd4c94-c3c1-4c23-a571-5232b3217584,26,8988
9fab6467-a05b-4889-a125-c94b53afb266,28,9786
f1d0d91f-5d49-42ea-baaf-507211257dfa,33,13682
c01999fb-c2e4-472b-94c8-43910575a06f,16,2230
34c68ca9-18f8-41bd-9f05-618f1ce622f1,24,6245
9a36493e-96be-485f-bd0a-e158bee0f12e,24,6337
e7339822-dfae-4eb2-ad76-4a9c207735fb,16,1000
ab5e96ae-a6cd-4362-800b-cc236ea939b5,11,516
63343b27-fb6a-41a8-a2d4-c5d60c8c876d,34,13121
f79daea2-2469-4ba7-8be2-3dbc872aacc9,19,2043
f8aa25d1-81b5-48f5-826d-4a975b4cd6d0,14,1638
b6f00dce-6e3b-408b-8828-45ad509d0e58,21,4715
498aa114-9fb4-426d-9a4e-6e2c0ad5795f,12,588
1bbf6064-b5b9-4f61-a72b-f5c36c13c39f,18,2080
f5cb7d4a-c2a8-4229-9abe-af8a64cf790d,28,8098
3ef02165-a954-43e6-a5f6-7664e30137dd,21,5364
d8a932eb-fdac-457d-9b1a-e182009bed3c,13,1490
d818c32e-4e7e-4a56-b327-15fb979fd78e,19,3083
a7155cca-78de-4949-8c61-838204b35218,18,3746
524cce6a-f694-40e3-8b6c-385af6026658,35,16472
e8794d88-9362-4f14-9f0c-8ff334a69872,28,10248
aea73189-0273-41e5-ab84-43c096a74741,33,11096
6f1b7f15-1d44-4a27-bdb9-4069558507a8,20,2811
5e532e05-5eb3-4170-ab4e-40cf2ebbd494,16,1872
ff7cfb8e-b033-4041-ac04-ccf6c185eb02,30,13061
0af9a42a-61a9-4bf6-ba8a-2fd2459eed37,24,3603
7916aecb-e77f-4096-bf84-52874fe3cf53,15,1398
5fd688c0-23e7-4d9e-a957-8d405d0c7ec1,33,15947
730b656b-9a37-4efc-a220-2b02185376dc,23,5467
b646a36b-b643-42ef-aeea-3f9d6b8a82f2,20,3767
0ed0039d-6e57-41fc-a5e5-3d89f40f9b0a,26,5678
dbfec54a-c7da-45e1-984a-cda8dd2e8347,19,2386
52e765ba-e8d0-46e2-bf8c-4d4e8b802607,10,450
42037c7e-ae5b-4938-8742-537281f2b83b,10,679
a5f2c4c6-378a-4cd5-b270-45abcc94c68d,16,1418
07263124-d3ef-42d0-a5a6-baf43a4f91b5,15,1839
8c5afd65-cf25-4c15-a06f-8125063e7993,21,4388
40699f15-c8f9-4dcc-a890-a87c57f4b016,33,16984
35901893-8328-4b1d-8a84-d641d8652f9e,17,1865
d3b0322a-319f-4685-9763-168bbbb1a518,17,2154
fab664c0-af8f-4054-bc8c-edfddf26edb7,32,12068
f6e3af96-bec6-4ab6-9da7-dd9e5334f37b,15,1456
cf640838-e3f5-4e3d-a1b7-f0d2f3585cdb,20,4620
2c5ef30b-56fa-4d88-939e-602e20703b24,11,708
79ab5493-a012-4653-80af-bc3501b04b15,18,3480
44be7922-6115-4b3c-93c9-a898f24581cd,23,4991
fe480b47-8430-4a67-9eec-740b417f867d,10,750
8d26c036-58d4-4fb9-acd8-1b93d6967e03,28,7367
d8cac536-1a98-41d1-9c10-797a87a416d5,17,3090
1e2e1dd9-b5f4-418d-8820-f0fa7097292f,17,3114
39a50d31-a4a7-44c1-a2b0-cc2e9e44bae8,29,7806
8858d29f-2372-4029-be3c-7ec6dadb9630,19,2655
a70a5050-355e-4eda-949f-85ce9c60fbe6,31,12140
e69ce62d-f9b4-4029-8259-cdb401a84856,19,2120
275e7390-c7ba-4b2b-bff2-e5ccf6760c1b,18,3024
9ce02086-b92e-4a61-8b2c-47d920eaff5a,31,12847
6e33f685-042e-459f-bd06-b054396b31a0,29,8935
ea6783e5-1bd2-4a96-8e69-51a8929060e8,17,2463
b2ea27af-c4d3-4e8c-854a-d1f54de039b5,29,9961
8890afbe-fff2-48a4-ab01-50dd02dc36d7,15,1060
f44b2c07-1170-497b-87a4-aa307eeb7676,21,3111
00fe2128-25e1-46a1-99ae-248715fd8348,24,5585
9e7f4b5b-c71e-47c2-a0da-0266330e777b,28,5950
daf8e86b-a083-4b6f-bede-a3fbd4eced8a,20,3716
c8aedfa3-8f1c-4829-b17f-99ee711b5f46,31,11644
2aa5d845-d0a4-4f1c-845d-19a34a5359b4,11,1124
c626f1cb-fa22-455b-9600-7263c42ff7cb,32,14448
c752521a-d49d-40b7-b863-e8af4a3ed0e1,16,2027
066be4d1-c813-488c-ba4d-101c683522a0,31,12633
f34418b9-0691-4a7a-8068-9e7425706137,16,2316
569e1258-7945-423b-a2d8-f63e7489f09f,27,5566
d2310abd-3e24-4445-bc9e-9b92dcf54b10,18,1431
48224f2b-eb7e-4be3-a646-6c46678c616e,26,7185
5bd0d1bb-7490-4c44-8caa-f30ef9ee00d8,30,12546
731ce12e-03ac-4a68-b33c-9ab60de9be94,22,5024
933084d1-f291-4c64-aa17-e5958a47ce63,12,1212
b530e921-cd9e-46b3-b168-1a0711c9a14f,20,2128
1947f939-10a5-4380-abe6-4fad538f5a10,38,19129
4304fde0-cde6-4946-8ab8-280c34445eef,24,4010
67dfa5ad-63a4-40b1-a809-ca62e9c2fc23,11,474
c90853f8-cb9d-4626-b4e1-ae64db8d7390,22,5132
b91d8252-f224-4700-b7e8-8ebac4305df5,24,6325
bf70ab5e-fc3e-46d9-8b11-1bd8df0e0afe,26,7242
3d09fb03-81f0-476e-a376-39c5590eeff3,20,2392
eff6bce2-a375-4a88-a40e-642776c6c45e,17,1578
c83e3756-52c3-4069-9b3d-f8d7d7ff90b4,19,4038
f056a662-ed98-4b1b-90f4-2629ed417234,39,21004
8cbf7e19-f563-460b-bd1a-3d791bdb942e,26,5121
8b9615b2-4138-4834-ab27-f228239189bc,38,21554
360c0d60-f2d2-4981-9e9e-0511a0872a80,18,2199
2559a4f5-0e34-4d5d-8d76-3bdca5948b5c,25,8146
fb0f32f2-ad28-4abb-9cb0-560d28d4cfe2,12,853
17339a21-e0c6-4ab3-b9d8-8bd056831979,11,758
838d0a73-e7a4-443a-a492-587342db5152,35,16051
e2fc2ca4-ab00-473b-84ab-20cfab1c549d,10,221
08535a22-b0ee-418a-b76d-1243d491a0ed,10,234
8eaa4dcf-bd18-4456-ac28-002307026255,11,1137
31d62c04-a031-4380-bdd3-58896fa588b3,27,9463
15cb19f6-0062-4efe-8b4a-fb940857b79a,27,8256
c221115f-998a-48db-af01-07a087f4d005,27,7787
468d0c47-d45e-46bc-b920-9e456645de83,20,2856
8b29413f-7934-48f7-8aaa-cd7a2bd42de8,35,18210
8a06be27-cb0a-485f-b471-25c10b7c5d25,11,1244
12268c01-b182-42d2-ad3f-7e3d755d4248,17,1654
af62e5a2-917a-46f3-b873-8ed7e3992173,16,1386
10007666-8429-4cee-8466-f9a645a08eed,34,16692
f7d8d6a6-8754-486c-9217-e23bf6574c9e,29,7512
da46cf88-063b-4af5-9881-86064ce3c0f6,31,8512
34073b06-31b4-468b-a3f2-13e746633060,18,3579
cf332d7f-260b-46ff-9196-c72879798044,34,13457
71392438-fe98-418c-ba4d-f31d06c407ed,18,3561
2c19fe17-6d98-4b8b-bc36-7ea2e44b1c4d,31,10517
58b9eff2-97f8-4995-a753-2520e1a4ec76,34,16959
cbb73212-2e7d-4d23-9e96-7f4766517698,39,18717
c2277b8c-a86d-495f-ad38-81f6459a958c,32,14481
89e339a3-15ef-4659-9dd2-cf2c6532dc92,25,7645
494650c4-2378-446e-b2dd-d0568528c7f9,12,1509
473ef563-2a7c-481d-a92a-08ca08f0691b,36,17304
e8621d19-f7d2-4394-9e19-a1e96dc8aa13,37,17930
2382eacc-75a4-4b43-99c0-1679b1177077,15,2360
c4e3b1ec-d07d-4a3b-ada8-11c0157735f2,37,18028
6d8b01e6-39e1-41de-b365-a01d0601b966,27,6401
8c01c740-b23b-43c2-9956-abb1a01eef38,24,6987
862e1998-c31d-42d5-84e5-b66ef270edbb,30,12100
64895564-0753-46b5-84a7-a0bb6ef92d45,21,3602
27d64d01-edd9-4488-9023-28ae07a7c246,16,1107
6fb608c4-253c-4aee-8837-23dfff1761bb,11,438
e895a710-89e5-473b-ac64-4bfcce219699,16,2680
b4e7f287-b626-475d-9c29-ecec9d6bfb06,32,12781
b751f0fb-1559-4289-b417-9deaa031168e,47,32985
a64f8e5b-585e-4ccc-bef6-cce21c44ac65,11,513
fc0dbf3a-bdfc-4d50-af9c-e12695fe5208,48,45524
7b3a9662-7cfd-4a0b-9121-8a5d41668c95,46,31222
5f985e42-e09f-4541-997f-b6533a2d421e,25,5227
9cc6f9c9-f5d2-4040-80c0-5800a092b828,38,22777
0e442d44-e76b-413f-b048-1cdba570a835,16,2647
3d98ba43-37a9-43e0-ab0b-4fdc9bc171b1,30,10362
ae0ec232-d415-4e94-97b3-09de9760b6e9,40,24544
bfcef668-acd1-4c53-9ada-0f35260fc193,46,38763
6e872ed4-e693-42b0-8de1-650649c61fe5,12,1248
93cab4b2-9bdd-40f1-927e-c8644648c2a5,44,31413
74cc4d7c-ba7a-4bc7-9814-7c0112cab131,18,2784
2e70fa6d-7fe9-4994-94a4-7d40872d4ab8,31,13628
b018d588-09a1-4a53-8497-2513c3381a48,13,1331
c4c1033a-59d9-426a-8d8f-dfb18a3d47f2,21,3881
54d5fc93-fc95-49c3-99c2-8af04b811e52,29,11019
a27b383c-9515-4f21-a959-7d6d430f1d24,27,5313
c9e84b07-25e5-4d35-8e5d-c91921b5cd9c,21,3425
75810689-29b4-4377-b77a-6fa0d8225aeb,41,26877
8dc22c0b-7b24-47e6-a68a-4ef807a0e50d,50,48683
d2be2c93-5e7b-44b5-94ba-59e73e575b6f,21,2844
9ae84197-3f71-4995-9e7a-942d90ec5ceb,47,36269
16c74e42-3932-4362-ac91-e9eb19395afd,43,29181
c5733878-0ab1-4609-9ed5-9bd786ea0773,47,37775
b2d6c170-43bc-426c-b7f8-9c11b30ccb32,22,3874
0ca63777-cd0b-434b-93d9-55eb3b06ea2f,18,2031
bea137f5-cc6a-479f-a43f-a5e656fcf955,48,46502
65560946-e088-4105-afc2-ce39cccea77d,21,4391
51dbebd0-72f1-4450-b4ce-c32ac2b57ffd,31,10599
ba685764-b506-4991-937d-19ad82b64b83,39,22857
ecfa4075-0776-4196-858e-6d754a761c8e,29,10255
df3e8b2b-875d-4cfa-a117-e533bfa39968,19,2483
8d8c911a-cc20-43e6-b56b-ca25b5a70fec,27,5652
4f2cb462-100e-4f64-aa62-4872dab5b4ce,37,16765
b92b344e-7fcc-479b-941e-713f96688268,28,9004
266e4e49-87c9-4a4d-ab40-91abe53f019b,34,13078
feef42b6-ece7-4535-becc-c2bb32cfe6e8,40,27488
3ce9d5aa-a02b-4b86-a15e-a111d9fdf93e,26,5271
933001aa-007e-462a-afae-256bdf23bfcf,36,15113
4a2e481a-4602-4070-a245-68b7aad72ae3,30,7795
35593438-a09d-4741-a834-b923f9a2a3ed,48,43928
82b2291f-c7e8-4410-b721-ddc92024f398,36,20119
5c0246b4-f91c-4d30-bc91-d5658f92740d,36,15272
a8e26a96-3ec6-4dda-93ee-e4233609eff6,17,1764
ec5c6046-495b-476e-bec5-d29a623d5db8,38,18876
8d3c3273-51b6-49e1-8519-52cee4dd8281,21,4622
1faa7185-fcf2-4935-bbb6-8bbdcd1eb404,44,27792
16cc47c1-6d76-4c6d-becb-2f8caa9cab1c,35,14912
5004e36c-1b43-40e7-a482-ff2a9a3d4210,27,8097
85702754-71b5-43a4-9440-a929cc68b75e,12,1445
6c111dab-5053-413d-b5b6-ebbe784a4ddf,44,35401
ad2a34e7-9aaf-4989-9a76-8e28d1307d04,36,14641
9f690a43-9cf7-4608-9ae9-09d5dadb04a0,25,6485
7be8a0ed-e663-4539-832a-62759ed2b9d6,10,402
3cb3bd68-935e-4029-a230-5fec2e33cc36,21,2978
1ebec0f9-eba2-4188-9031-209f48dcbfe2,21,3444
3335abb7-ea9b-4357-a1d3-458cab5e1e4b,18,3698
43291d1f-6b5c-45ad-a578-b91f16610667,37,14930
bed88c56-591d-40a6-8b8b-ff417470ae5f,18,1833
e3b6d8d4-cffe-4be0-bd24-b23a030e2283,49,47190
e4ad73a5-f044-413a-8d26-5ec321f2d978,10,700
1bf3796a-87eb-441b-afcf-9b3158021bfe,34,17315
9bcd0741-7ded-4747-a439-70e1930ee576,13,477
46797314-23ec-422d-84f3-445138a84ce2,31,14204
b7354c6d-8797-41c8-ad01-05b3c7e77c24,44,29420
f7a1b831-bada-4e7e-8071-05c2e81330a0,35,18092
8fb91e0c-c579-4be0-9ab1-79751d151bab,46,40104
87e01195-1e57-42b7-a2a3-103fe57ffc36,19,4111
23ad0c60-7f81-48a4-89d3-f7c9d1c115c1,41,26547
eeed49d7-a155-4ccb-821b-a2884fe342d1,38,24819
b3e2d61b-bc39-4afe-9e2f-5a0dce90cf9a,40,27335
ded57b54-188a-4c3b-8af1-45b8a9a00108,24,6538
f3111643-4225-4db3-8a30-ffde9c92b47f,31,11684
d001611e-c489-4813-98c6-91e150d4b4db,19,4054
82b9643d-05ed-4e47-9b7f-08bc059f44cf,28,8103
8af5885e-0801-41b7-8a3a-352269d8c4b7,41,29378
4e900fc0-ebdf-480f-a114-4d5831e7e5a5,31,8479
b6057e34-5d40-4599-bd6c-5a4fc0bd0eec,46,36951
a6602edc-9bbb-4beb-9e6b-bfeb90fa486e,21,3825
086782d6-8110-4d71-80d5-756bd5f74a6c,47,39645
65116924-e88f-49a1-a542-ea8116de867f,44,28195
224862df-b350-4da6-a503-9c8972cb0aca,28,8385
70dd61bd-99d3-4054-b573-ebf6d2ba236d,28,7972
c89ce8a5-9c30-4aa9-897d-0b85d0d4048e,46,35073
d9018c91-b475-4059-84c2-4420ddbb8dee,20,3337
b949d7bf-1453-4c8b-a2fd-57e3d3a319e3,29,9687
ccebea5d-497c-486a-96e0-b7a6545908b9,39,25692
e63587f4-624b-42dd-bd31-3daa2dbd7d85,34,16089
a5fac851-18d3-4d0d-a349-65e45fa68e68,29,10680
9fccfbd3-95db-4709-859c-836883698962,21,4368
8a69db86-7ddd-491b-bcdc-2260340fed88,24,5088
efc712f5-1589-4bd6-b1a0-aee13f1f544f,15,1024
39d77c7a-ab8a-4188-83f6-083c38b9a689,29,10757
4e00b36b-75c3-4b07-aaa9-ed9a249a293d,48,41163
43d28014-3631-49e0-8bc6-cbaeae6a0511,18,1519
68732e56-fd96-4948-bbdd-f50773b5d060,47,39742
72f1f382-1a7b-4ee9-8054-71d6816ce228,13,1268
dbe5dd88-6413-4392-a600-18cc17da9374,25,6916
d3af863b-2708-40ed-bba1-9bdb57b2fd63,33,12813
daf8a8fb-b90b-4390-b26f-512da3dc64a1,18,2037
d1b2836e-f476-4688-918a-7670ae8ac818,29,10758
987a694c-21ad-49d7-8718-637ef105d300,16,2063
0f1358ea-8979-49c5-baca-37b670b33d26,28,9073
036be2d1-e8c6-4592-be89-1092378fb927,17,1568
3be98f55-4d68-4e9d-8764-9c1d9388bb38,22,4836
51e26d3b-6f21-459f-acaa-f4b9477d35ad,17,1367
9a33b5de-28b9-4f9c-b310-9ebd71e0a48c,47,42415
b45524d6-c2fd-48f4-80e4-e9867ee630c1,22,4172
f69ff0eb-ad78-432e-be8d-5f713c32411f,28,7274
38ebd8ac-5376-4ffc-8f76-36646fa35cde,24,4936
3102907e-b1fb-420f-9bb1-674dcc23114d,48,36918
05f9a053-f1af-4f3a-ad96-9094937dc371,11,1190
18698421-f4f4-415c-8047-8d4f05b7143e,44,31394
a43658f7-9884-43bc-bfa2-9c0cf2ed58b9,22,2824
4569f440-bc67-4fc3-a8a1-e0da78e38c7c,11,441
05dcdb85-26a7-420f-bfb7-26278b3b0409,13,1055
44c02c25-c1f7-4fc0-bdb5-1d10065bc214,26,9094
150e8851-16b1-4a4d-8375-e2776e6502bb,25,7276
428864a6-fe3c-4d4e-9840-a977af190d60,18,1447
57eb9b9a-5825-41c7-88b1-1cefd4f4a4c4,34,11418
0ed8d495-360f-4926-9eb3-1f1998b8b722,36,21267
1e6fa689-d51c-492a-a7b7-aeb39d783d97,34,18190
aa5df10f-4ce6-41b5-8a80-9af7ee509766,24,6701
3083c869-9cd5-4bc4-97c2-3d3b4ef06543,12,443
8d4cacf5-2773-4a11-8086-a6def1e83275,11,811
bd14ad57-9729-405b-8984-a52574e6c267,19,2582
03456bcb-6787-4fbf-a8a6-4baaf64d638b,10,873
761ea4b8-6515-4c12-91c7-0e373bfe599a,38,21334
50f9e95a-2309-4c1a-9464-15695430b666,22,4250
dafa03a5-cc24-431d-9bf9-a4aa1e88a2c4,26,5245
d9b48cba-c58b-4589-81b9-adf09b4fb175,10,293
0b7b82c7-d4c8-4680-b47d-2d0e5a641ce8,45,31267
02777596-014c-473d-b98a-551f1ec098c1,24,6977
b86a4c14-2b61-4da2-baaf-b09d87602f71,37,21685
2cfb3625-48c6-4073-bace-a8ef240a8631,37,16434
22026f0b-42c0-40af-97b7-4706eb7e8c4d,36,17171
1722d681-f816-4eb1-9f0c-1e0e87736940,26,4794
12cae7ed-b54f-4b68-90f8-4384d5388664,28,6214
f4e7afcb-a905-43a9-990d-88ab2beddf32,22,3452
3cdec134-63d8-4f3e-b8dd-ff79ab4b71c5,32,12350
130aba1b-5beb-422f-a77e-5b76957e13d5,27,7542
b94439a3-293b-42f7-a17a-536527baaa80,10,736
cda8fbdd-c34e-4a09-9594-bf2c43329ad0,21,5354
1efb3116-ee77-4b01-8eca-a76cef1ed825,49,39289
f1fb14e5-49df-4e4e-bea7-97af398da491,17,1529
ba91f3c8-901f-4216-9402-ebce4a4105be,49,40717
5039d789-cb7a-49bb-8353-05982029b078,13,1490
0c9a610d-a002-4036-b589-21af1c0e91bb,11,1051
e522e3ba-2f1a-4e9c-8f44-82adc30386d8,30,8215
0b85978f-83b7-4412-a221-240391dbde06,13,1510
ed1e4f73-95e0-4327-9156-323be7a8dd7d,46,41353
7d572dc7-ea7e-43ed-b156-80f02783d1ed,47,44069
e0428284-db6f-47a9-ad43-2b0d7716244a,12,624
becb97e1-3bf2-4fe5-b759-ceaa9b6254c1,24,7161
f7faf733-b3ba-4d7b-9ff7-4d3cf74bac07,35,13393
ee58f590-a2d8-4329-b296-ff294db8b040,32,14458
238695ed-2e57-4fb3-be91-6943508acb41,33,13305
ece5a970-bb98-470c-a1e0-e6a8d7c470ea,30,8780
d79a6a30-1c82-4df8-860c-2cdaec15a973,36,18916
89d62354-e1da-4311-97b4-2d334949a382,34,17626
c614d237-6f38-4c09-8165-359f869f75c7,33,15156
a51e0a35-0986-44b8-a80c-fb4b7d6a0af4,18,2541
c6f1f105-9c16-495d-aaf2-c85495afe916,31,11522
5c622f24-39fd-4e6a-98b5-3954fc68fa14,10,414
c9549026-4f86-4774-b2f8-571b2e1841aa,25,7587
0b0fe51b-88a4-4f03-a8aa-b1deced8b69d,45,34215
180b3f40-9b3d-4acc-9503-5599acf2cc23,17,2524
0d5dbfb9-6763-4d3c-8dbf-22ac27586d88,22,4119
0f39827b-23e0-4b66-9645-e8ff4e18a8dd,13,1161
af3aa293-f254-4db0-af63-46afea12f2e4,47,39595
277e5253-be85-4d84-839f-ab35ef662d9b,13,738
6fa4e572-2c30-43c2-b9a2-b95030d9c758,43,34254
c9ef114f-adf8-430d-aec9-4f3a318d7f57,27,6856
40bfd717-aa49-4c6e-ab15-b61d790918d9,23,3646
c1549d28-94f2-431a-93dd-1d13b347afe0,32,12196
9ceb7181-7ba1-412a-8b84-9d4f35312b6a,18,1880
d2279761-b032-4a40-88ea-b0974fbaf1d6,50,41441
0d0f8775-2cee-4173-8b4f-fccbd0ab2f7b,27,7645
89e93fde-fd73-43b9-b41b-06832190cae3,38,21055
fcfeb48d-86fc-48a0-ade3-c69943946498,16,1858
78344978-9953-4699-ac2d-ad833fa761be,47,44378
61db6285-a781-4a40-80ab-e74abc6aa1ff,24,4567
15df2892-27bc-4384-8d86-5ae92f7c4c60,34,17912
b6739f06-9b39-4537-bc3f-5989a9c2f8df,13,1536
72a32f67-5b36-47e8-a553-e10ab9162c53,34,13429
fb90a340-5391-490e-a594-cf65f6018432,40,22962
d9bfefe4-89ed-47e5-9117-235c36d0f4d3,34,13577
04dbb1d8-926f-4bec-b1ba-8ab779e4f7f3,47,38977
e0c95deb-68ba-4cfd-adb4-b1505dbc20c7,27,7976
d7d6e50b-ff95-4ad9-b4a5-ef83aaa9ea2d,28,9957
2922db81-1e69-4c27-8279-4e2b01c151aa,49,43849
d80f36ec-ff68-4325-ac0a-643ec4d1855c,44,37405
330138b5-ea62-46e9-80ae-39cde247f2da,37,19803
e8cc7f18-d4c1-4589-b45d-70098448d9fc,30,11822
b4fd3184-99a1-47dc-977a-bf41477e5e2c,45,38163
932ab48e-bf3b-4142-a537-4c114c618d46,17,2641
286f5ead-b243-492d-84ef-6ba249a469fa,31,13928
f545c71a-6d05-4e53-b207-ba6968c58001,24,7122
376b7f7b-2e8a-4dab-8a14-591750f99653,23,4699
a79f7dbb-457f-4293-a835-2022035b05f9,43,29040
d4bee4c0-7f40-4f49-b856-4903281893f5,27,7692
8607c902-1957-41a8-a638-355fd2d42088,24,6625
5a23e4b9-bdb7-409e-854b-70a7a8b4f226,33,11580
9f682fe7-5ce4-4f4f-8baa-08a5d6076bc0,13,1296
404ff080-ce78-4047-8a97-fc5fd1914be7,21,4141
4d336bd5-e26d-4e9d-86fe-a93144c3730c,12,866
f4026984-c8de-44b8-b459-7b7e21bf6071,30,8753
ae15fa7d-85cd-4118-b27c-d925fcafe3a1,40,21707
5461f777-adf1-4721-8118-8d41be3b65e7,22,4759
fb1e74f2-b9c5-441b-8f70-02b59699914f,28,9655
10336949-5e31-4abc-adbd-5fe7ca28068a,18,2742
3c34a3cc-86d8-4bd6-9f0e-5351eccef5a9,16,2306
6a7ee1c3-7e0c-4c96-a78b-ac8bbfde8fd6,15,929
db2799fe-f458-4b99-b912-adc804bb11c2,15,2432
1536e8e3-c25c-48d3-a272-e00610ba1cc4,16,2813
0c695f52-e57b-4566-8b7c-be67c11723f4,19,3819
9c03dce8-d972-4726-9f7f-28f3cbda54d7,12,1463
7e63e442-bc0c-4fe2-9e94-4b4854e27d8b,15,1393
d73396f2-ce4e-4c2b-bf45-76346a08c5c6,14,1295
065262fc-b347-44dd-9788-7e043af477e4,14,1238
e53b9d69-6725-4755-981b-dd6ad8f2b9ff,10,644
66d76806-9fde-4432-ae27-3a31a546b77a,17,1668
81d60c52-72b6-409c-a300-78e750f60e83,20,2528
73de34ea-ad00-476d-82ab-157a39cb0880,13,1084
9c87417a-6376-4d2b-822c-585584a9753f,17,2366
7062798b-bd49-45fe-a6bd-441727da9cd5,14,2053
fd25b3d6-a434-4b27-ab94-432fcc00fe0b,20,4455
54bac67f-44c1-411f-9e0b-8980bb69c0a4,17,1493
3f4a3ca0-fa14-43a2-8a51-126f832eb658,17,2572
ea6b53f4-1948-4f8b-8ab6-088bb61d6840,19,2166
47fb95ae-3668-49c5-b353-817f2823df20,16,1371
5a75ba5e-e292-4295-b99e-3a5618897e94,10,501
fcfb1f76-b48c-40a9-94ad-1edc59b5c0fe,20,4525
a4563b46-c717-467e-8b2c-5b83a20c44e6,18,3652
5d16f4f4-2591-4703-8ef5-9df9d1c64529,17,2936
0f97998d-2367-40ea-b12f-b040c49a2a00,13,1772
7e5b8464-1d3b-4506-af4a-e27179c7629f,12,389
5d6b063d-d744-4ebf-a15f-ba1af282ec6b,13,797
fdafb3f4-ff2c-4ecc-889b-f17654830408,20,2479
e1d00d15-b4b1-4d42-bf6e-ad03692de1e9,15,1692
d22ba7e8-9f71-4db3-b2b0-b86b7521c3b4,19,1805
b8607cf8-b2ac-4073-b677-704fc74fd8a4,17,2197
7823d255-3e85-49a4-bfe7-03daa1e673c5,20,3396
eb83b5d1-0b06-4848-8b01-c3f354e1e23e,15,992
0812eec1-99ad-40e2-a0a7-5fbd18ce3c03,11,533
d16a0c71-2c5b-4e9c-a586-f1d34bf8a8e3,14,994
8a84ecb8-39ad-4561-87d2-c1e33b6dfbeb,10,229
3aa4548b-a2eb-4d85-9103-7737195c3136,13,1758
478468e3-151a-4216-9804-bf6589b44a1f,17,3171
7d246dc2-fb7e-46d3-8ad9-5603d677dacc,11,784
d8164f50-fa18-4bb8-8482-0a05bcc066cf,17,2631
9f93cb38-8d64-4ae9-92bb-0860ee39283c,11,814
c45e5154-5d19-459a-b667-30e630d6efb7,15,1548
8e811b01-a390-4df6-8031-d2b37ac3a214,16,2376
f095bde9-879a-4fea-abbe-6d046f894b2e,17,1481
c4b2f664-5226-4d1b-b588-570777feffe1,19,2962
5b4850f0-aaec-47fc-9ec5-b20b31ea0818,15,1438
e3f529da-8a53-4738-a045-1e7bcf388ac9,14,1485
c86d28d8-6f26-405f-a287-90b198daa12b,15,900
5fdaef3f-93a1-4798-b89f-6b233bce76e0,20,4730
aee9ffa6-4cff-4c99-9bf4-02a90dae5c4f,19,3810
31a487ee-3fc3-4831-a8ba-5f93f98b76aa,15,2041
8c52e270-14fd-4042-acbd-2152e0f6dfb0,14,1863
c50b1a88-fe54-43de-92f1-d1c6cc50b4fd,12,776
497f73b8-0f8d-49af-b5a0-e10b291224c8,14,674
ad3780cf-6727-484d-9261-b320c75bf1b7,14,1378
f145141c-6e13-4469-a06d-d4975f91072c,14,1762
d59e6b5f-1628-48d7-b92f-572a3c60c6b4,13,546
7905b5c8-3793-4d4e-b837-d23111ad9da2,14,1068
3d866808-320f-43fb-8f1e-ca1183f98263,20,4604
e574de08-5c37-4a11-bd64-42d6e1626d45,15,1386
108bdd19-6969-4ffe-b5ae-da0fddd3a2d8,11,422
77719b35-6820-423f-b30d-4c80cc91f82e,16,1513
cdc564a0-4684-469e-8f9a-60e129f1c761,20,3508
1cc001ea-da6b-4d35-8e7d-1ede6483095a,20,3255
da4b69ff-f724-4428-9a27-0d6fc4ed2135,19,2501
9086c342-ccf4-48bf-835a-f12afaa2d75d,16,2006
81d75d53-4363-4dd0-849b-6d65b57f5509,20,3086
79ece59b-1991-48a7-bd02-dba1d9b117a2,20,2611
89cf5033-bc85-4c31-ac86-1332a4c68825,34,14705
23bbbbc4-72db-454a-ab48-718fb0ac8ab3,17,3138
6d402430-f613-4d44-aeac-358e4cf39a43,10,560
46b21f33-ebfc-4983-aff7-dfb1c76de3e4,31,9142
3d20ab3f-efa9-49e3-8a5c-d2093c02f275,20,4140
935a5d0d-e40a-4972-9633-d95b144b2769,21,4845
2e38578e-bfd4-42ca-9d1d-df12ad695630,10,795
59af0be9-5f07-45e8-b6f2-5ca8c5a4dc28,30,11026
341f7eb2-f8b6-44ca-91ed-5a31a9edd1ec,17,1478
b0954ef1-73cf-4a1b-b9d3-750e28b9c6d4,32,14889
e2c4ff6d-02f5-43d3-96a7-03629210bfed,32,15631
dfd0ef19-6549-4275-b272-4f60535f7c5f,23,4130
d0d09125-9388-470b-ac69-821da18c07c6,20,3464
4f0eff19-0d37-4d78-b9db-ecd6959aaa0f,25,5010
65ae3794-0a09-4907-bb4a-ec750bef0f57,27,8067
fa4d7ef4-b92d-439f-b3a0-845154b49bd4,27,5743
28034257-c3d8-4912-b091-f34e8f4667f3,14,612
6ed3a97a-7ff5-4d7b-a110-d2134320244b,14,1539
e0fae187-2de8-4d27-9b08-bd2b8d0f9a52,10,693
9c3ce7de-42bc-490f-8322-20d2adf45169,29,9521
c56b1adf-20e1-4c62-80c9-3b0aae7d3b61,19,2168
d94fce8b-7443-4f2d-aab7-e274009baf1e,10,972
b03a7c63-fd44-49c1-b5f4-23a7f77db3bb,15,2191
246d567c-86c7-4686-993d-e42ac42ffbbf,14,1849
03a6261d-10bc-447c-8836-cbbd7b6d4896,23,4044
1d85b55b-97e7-47d7-94b9-9275abbddb23,21,4739
5a1aa7ab-6620-4e95-b747-8d77db2f6f67,15,1054
448f14e3-1964-480a-91b0-795ac69da8c3,18,3610
e474366b-6c89-4481-ac3c-1740c36b244a,15,980
ea3252c2-71c6-48ae-a2d0-08542a06eb9e,30,11385
ec8f03d5-9073-4279-998d-82e81e120bd4,14,625
3fc79d79-bb5b-4404-94dd-d8221274ec8d,26,7523
547ac3f3-a35b-4d5a-bf29-bd6803a5801d,32,11781
41058db2-e4ff-461f-96b1-def31aec4f1e,16,1535
33178c6d-62e0-49fd-92ab-d7cf194e2242,23,3650
7925c1ac-fa95-4888-b336-d7ccccf7dd6c,11,1013
614a5d23-0d89-4782-b76c-b81f64aa4a4a,26,6419
8517cc7f-d724-4e75-9deb-c78d93e8321f,21,3337
20a23ecb-a2c6-496e-ae7d-e87af32dc932,33,12009
f639a91b-eb0e-4663-9297-d37b8677872f,12,1336
87512a7a-b692-4d62-83c6-f4bd5b0b25ef,20,4280
9eabf012-2e3e-4e1e-8e0e-01d62facbcf3,26,8251
250ceb84-899c-4e0b-93ab-86912f0807b4,31,13002
9fff76fd-84c1-4708-b73d-d0bb5b488153,17,2501
656c0ff6-fd73-4b0c-bedc-9cf24a04fbd8,31,12939
70455eac-17b2-4168-823a-698173cf1fdb,27,8418
0d06592b-00ca-4ae6-af19-e1b0e66861c8,21,4751
32df072d-05f6-4235-bcc7-95353dc17d2b,21,4964
94105e6e-8b7b-4fa7-b52c-09706c087b3b,20,4389
e9142852-dd98-45a4-8447-d58d4201443a,11,753