size	roughness	color	motion	label
32.513125201369796	0.8955296169834087	brown	0.0	tree
24.002765141418667	0.753326470625722	grey	0.33536631103970976	tree
33.54993526823758	0.6190926163734205	black	0.2108795428320117	tree
18.416812458335823	0.5402214181589612	green	0.3627236144198926	tree
67.21158096136944	1.3332108161047302	white	0.0	tree
28.07879291460778	1.4727348304410948	brown	0.58371449812342	tree
33.28549451823421	1.589209179898148	brown	1.0257067049492743	tree
38.800072120389274	1.1780483935374226	brown	0.47002974512485896	tree
21.58554344436989	0.42849503515361625	grey	0.2996690078841216	tree
29.351582249891944	0.9601132202458854	grey	0.3140084030463556	tree
19.436202255098475	0.5444763651098649	brown	0.2655048857200307	tree
32.89648613332574	1.660000712199716	grey	0.8500929426987007	tree
32.42180257648282	0.603168467171026	brown	0.02509136155972532	tree
31.565627461154254	0.567714857817249	green	0.1372012108542996	tree
24.84652750404623	0.5459976332364176	brown	0.38037497463117875	tree
37.04446407187487	1.2949107009322247	green	0.3558137551186521	tree
4.880418992717374	0.9884636237472028	green	0.8509411787673942	tree
30.02196270878763	0.6523334770471493	white	0.2111587839574247	tree
50.4172584322845	0.9186864294543426	brown	0.0	tree
56.67655664910027	1.2239424361041165	white	0.0	tree
38.94985504566675	1.124078036073088	brown	0.05924540038135476	tree
19.13558167376187	0.619309414191181	brown	0.3202383527635026	tree
32.33531808938033	1.0391617314651278	white	0.23945612021932078	tree
32.23267172885395	1.199006345936138	brown	0.29043892000789256	tree
33.396331738963376	1.2624894914270426	grey	0.5048525457217506	tree
34.950040133187954	1.0731869202148123	black	0.2947551725220384	tree
33.423682853981006	0.6754701648179892	green	0.05834518479352835	tree
41.01730396535806	1.8530316952215116	black	0.1709235655880947	tree
23.914196153493997	0.9915058629838486	brown	0.34372654908340006	tree
27.081065426600464	1.4624810937436066	white	0.5074445478229597	tree
54.889001251274664	1.7138088252659374	green	0.25178191030043995	tree
49.356828203713945	0.925537389745422	green	0.00015136138005711341	tree
39.23190387125302	1.0009803148986678	brown	0.028579884437769626	tree
24.159906532053775	0.6797701023689465	white	0.8643028070145696	tree
24.94540871513217	0.45908127068458987	green	0.21432337799201753	tree
37.87278543417408	0.8604122974667168	green	0.33405611060116736	tree
19.036460761956555	0.7751692554911668	green	0.5365191476370242	tree
24.166325290583266	0.5852699084238426	green	0.3435013484290741	tree
23.326575855177985	0.612661620590977	brown	0.8649998907972574	tree
38.940116209935276	1.7719912074349589	grey	0.3289347941391565	tree
50.09215317784689	1.185455042008077	white	0.0	tree
25.873181569956976	0.8661438734258934	white	0.8279355274681977	tree
33.13892596593434	1.3067151213216293	white	0.6824024112399381	tree
34.13525442294281	0.5683595016170339	white	0.0	tree
55.219503571332545	1.284594387388555	green	0.0	tree
52.34491238051953	0.9643801005686493	white	0.0	tree
13.361361104203596	0.23744967772911957	white	0.19267071616179038	tree
24.270529930904623	1.0042472055877334	white	0.6722129525528849	tree
39.54533758563982	1.0106776207262338	brown	0.12269024249829438	tree
26.810979846644404	0.5187814481343784	grey	0.1787493445753667	tree
12.004302567605443	0.6315323334584583	grey	0.4004998967871529	tree
52.86709044809912	1.1623658643504342	grey	0.0	tree
39.855232922670965	0.8729897698383535	brown	0.12744787479378994	tree
62.07777192091022	0.7585476247358548	green	0.0	tree
51.92477444201827	1.0432634288638947	brown	0.012405854492690892	tree
64.47221453634859	0.9439171527195268	grey	0.0	tree
36.57270723339935	1.1569882020607751	green	0.0	tree
73.82423993802593	1.4584659654491654	brown	0.0	tree
32.24777386057923	1.4116802299028244	white	0.6224266623369912	tree
30.254506402662827	1.1925603485407932	green	0.18784340733556615	tree
28.719238047095075	0.4482254740197285	brown	0.11723902355956092	tree
17.07070209130606	0.3769167829407594	green	0.060284009375726456	tree
30.682628336823146	0.8489396436959775	green	0.20573912879413286	tree
23.860666057402046	0.6833856460258317	brown	0.6120176985708116	tree
28.181463734318537	1.5479792927204064	green	0.7074747748175515	tree
35.753056320325356	1.1696332491507286	white	0.29851653794753663	tree
0.2	0.9290621986249791	green	0.0	tree
50.78409333432962	0.6380871803750262	brown	0.0	tree
66.6710976871322	1.4527525470894893	grey	0.0	tree
34.09646937404904	0.733361849742151	grey	0.03069158090005457	tree
46.07194739407061	1.0390803561136486	white	0.17532932929133563	tree
43.60254579917964	1.1469862155369914	brown	0.0	tree
58.5707479296135	0.06650564626365944	white	0.0	tree
47.296607738020285	1.1715570875665504	green	0.0	tree
19.04208774460875	0.8903952282850794	green	0.43789538059424715	tree
39.81758775754152	1.0098743271314257	white	0.0	tree
56.73169478132573	0.8569836197970191	black	0.0	tree
573.9874691660458	1.1142645579154322	brown	0.0	tree
41.362479186421716	0.7375249163632928	green	0.0	tree
41.97960120587213	1.032816061981558	brown	0.0	tree
29.11658155608666	0.893993784828663	white	0.23678237669800561	tree
28.249536581963397	0.7490460273053401	brown	0.7542097209660694	tree
24.14219167725148	0.8232035466240446	black	0.3570178979333009	tree
39.13778796387706	1.4854731958691203	brown	0.1123776237976058	tree
45.40181968056617	1.2189253780683968	white	0.06648754310810744	tree
22.229046115672713	1.0117130044855214	grey	0.6544564539669747	tree
105.00823581993542	0.7839812419077374	white	0.0	tree
34.319469078965255	0.8642771753767708	white	0.03364740293490126	tree
45.89856926047135	0.9953578669817634	grey	0.0	tree
76.368703059221	1.2163763007374555	black	0.0	tree
37.130867141110585	0.6863167993106624	brown	0.10096130353410154	tree
39.2106409872186	0.37534496429696357	grey	0.0	tree
63.38832465792276	1.7755044340792547	white	0.0	tree
21.07369538146387	1.3973735034148376	black	0.6909793239651874	tree
27.367797577170546	0.6524672735654244	brown	0.21088019215602594	tree
20.501855519122977	0.46596600057280946	brown	0.15588054701024948	tree
25.754842647092655	0.5433078380876817	green	0.6941021172214494	tree
44.39039862906076	0.8229181221871045	brown	0.0	tree
33.951321673408515	1.256523901757286	white	0.30333013568405187	tree
54.34674339981365	0.7294927646181393	grey	0.0	tree
35.226024900203186	1.2401382603780968	green	0.7723045053935981	tree
36.69965004238162	0.6193035589992235	green	0.032521072477695256	tree
41.48489608908149	1.0108747505792224	green	0.19111218365137894	tree
42.54303938301324	1.529917122971177	green	0.0	tree
86.66935886019392	0.819454308629565	grey	0.0	tree
47.929046866987576	1.0541035470830664	brown	0.11103003715901058	tree
30.000755923211813	1.077566513046829	brown	0.8452964203613826	tree
26.055516310829272	0.9999022119448921	white	0.44298250893897995	tree
39.14407642810733	1.2924927007026616	green	0.20028000875747856	tree
41.83855657860262	1.4236160796855708	grey	0.23893542612892105	tree
47.817220830661746	1.5590608799745633	brown	0.07089496174458282	tree
20.18870711837824	0.7310554208008597	green	0.32639847504802405	tree
21.454021721793097	0.9492949795704745	grey	0.5474580883848077	tree
38.888980509851216	0.5255356824343845	brown	0.08308463815324607	tree
24.877447204659298	1.1416553387254882	brown	0.39270949466429206	tree
22.585302298548786	1.1470643976460049	brown	0.7631095389489614	tree
40.32672133325687	1.2494242519931817	green	0.29112617072390584	tree
26.91452194802182	0.7637902245597232	grey	0.2277656085311357	tree
33.47877131263853	1.0188819883230922	brown	0.14908444053858666	tree
38.52279866673241	1.2217809308098082	white	0.42844423249329544	tree
41.16192652606299	1.3910930997625666	brown	0.0	tree
40.394065921696175	1.454082680328892	brown	0.24188635809930586	tree
39.60582063452338	1.08167086151621	green	0.15292015690216829	tree
33.208567255024924	0.3822693989332033	white	0.0	tree
42.94058701088193	0.6848693419744564	white	0.0	tree
36.69965914755466	0.9961212283757692	white	0.3053360054566048	tree
17.74992749027011	0.8365591134547976	brown	0.653377195206345	tree
60.59757356427094	0.7434017624940921	white	0.0	tree
34.74706167229037	1.0410113619255164	green	0.02755095867175096	tree
34.41814407384702	1.1064457195956063	white	0.6021109995497138	tree
50.65214378591632	1.017927183571662	green	0.0	tree
16.880117512179584	0.5681205376026311	grey	0.3509472079259837	tree
30.52903416659289	0.6566096177460746	brown	0.2648168878815581	tree
18.54522888989092	1.1291554271019175	brown	0.8337499952446934	tree
69.83775983894179	1.7109974898010634	brown	0.0	tree
15.196828905460452	0.5834220692286252	brown	0.9125721059143737	tree
27.21085846039562	0.47960476682491765	white	0.5331549603484801	tree
28.238555172970877	0.9260036254551297	green	0.7048734391316046	tree
40.501834851258586	1.1450257272620588	white	0.10088606692327919	tree
36.7026842801629	0.8427237979912628	white	0.25817355037771095	tree
29.501267282413814	1.0198290762553899	brown	0.30273355835304205	tree
21.630962948704177	0.5248086056455313	white	0.339918720776686	tree
31.867822863546525	1.6781309024973878	green	0.8260673567142414	tree
52.15428790054563	1.0571201211099326	green	0.0	tree
30.2159207877106	0.4433006731781067	brown	0.0	tree
52.980810874522376	0.5696267570390906	brown	0.0	tree
45.08559193572213	1.4146443689072763	green	0.09904719670087131	tree
26.265658389539983	0.929257607611042	white	0.45511373230577956	tree
31.246169118778887	0.8496487042611702	green	0.0	tree
17.409353132113765	1.206327473908469	black	0.6042636395810899	tree
18.783111880616957	0.4898239417286436	white	0.8923849528909702	tree
23.423181058858027	1.0425372776766824	brown	0.41725675878909313	tree
44.91503210743195	1.001144967799104	brown	0.18939912375366735	tree
36.11167446647233	1.273548067201689	grey	0.5067542207689911	tree
0.2	1.2848575382105691	brown	0.0	tree
21.983443541511257	0.5657453715719325	white	0.2505630039330593	tree
28.61269816134025	1.154888192631609	brown	0.3535651465722113	tree
36.89860972460472	1.3480820737100914	brown	0.3950758533876266	tree
29.208112849021507	1.3134629062492462	grey	0.5999759710445467	tree
21.439524455272778	1.0583419989646414	brown	0.8479198729074438	tree
42.07690822152295	1.2816853692468937	grey	0.37405650561904946	tree
23.492914845523305	0.8030735224504238	brown	0.48325536929415147	tree
39.5370590318679	1.5905570656576529	grey	0.37080198236798617	tree
46.1956389203805	1.752921256082558	grey	0.3252946127982188	tree
27.7843370906248	1.2972419464055212	green	0.4665899541928386	tree
25.48897644776249	1.1000881845741004	brown	0.7315816230497661	tree
87.3285070350703	1.525788378092595	grey	0.0	tree
32.726325462570166	1.3672300248502995	brown	0.2700898700744413	tree
40.2658849664239	1.120834820011855	black	0.08474660670608443	tree
92.47581308819065	1.6401966288236882	white	0.0	tree
22.429868616797666	0.9568522835073499	brown	0.9159175100567473	tree
21.004945077703972	0.839080479984853	white	0.4365550279131664	tree
45.541651912268215	1.13055812319897	green	0.346597710987353	tree
44.50514205939814	1.1696724087986183	grey	0.2617499771054512	tree
47.25029363246733	0.8983268198379206	white	0.0	tree
52.27473644044352	1.125603449212349	white	0.0	tree
26.354783755104698	1.1156525522434924	green	0.18192094796408492	tree
29.78061116723218	1.0194296939979728	brown	0.24448767676693256	tree
35.09080065597852	1.325414922071146	white	0.16243047598806232	tree
19.6853766859307	0.6222477824510861	brown	1.243338929308811	tree
39.0754414648047	1.4979867550159642	white	0.2675727544672513	tree
48.85846270607915	0.8179759757120321	green	0.03494738105967049	tree
9.191880552891	0.45726652568180814	black	0.24235656943549927	tree
202.68062468188288	1.0542080606078292	white	0.0	tree
41.651282330242864	1.067206558271782	brown	0.06248998026263525	tree
27.41441581492572	1.0769615554754581	green	0.6174169423740588	tree
33.242841032423684	1.0250005308232848	white	0.11500157048816588	tree
56.23738502286162	0.8848372588941997	grey	0.0	tree
24.011891312989846	0.5111417719001148	brown	0.0	tree
76.84128769450341	0.8562926908639874	grey	0.0	tree
66.01905840266332	0.4357121655769892	white	0.0	tree
21.440770799387835	0.7999303411708237	green	0.19727764489107738	tree
66.94935927310736	1.048912847033218	green	0.0	tree
47.40727832548444	0.4760783424718387	green	0.0	tree
31.026688838409704	1.20304551741988	green	0.16453151070429747	tree
36.18807559499767	0.8656536015254538	grey	0.56466222096656	tree
84.87440184901914	1.041588713184591	brown	0.0	tree
58.24712752095698	2.0219536867332883	brown	0.2068980142978386	tree
16.105092979563132	0.7795077564768472	white	0.5161337383656353	tree
31.807583369561975	0.7990732497626003	grey	0.7177958567238498	tree
2.0686551744086126	1.3050443353433419	brown	0.04674853619214353	rock
1.1297839841237651	1.3593880887695788	black	0.005291940300867071	rock
0.38996979513819063	1.1508329831923996	black	0.021013933355677708	rock
2.417710054066869	0.7977389030132014	grey	0.014475547543778217	rock
0.2	1.122962929551379	grey	0.019215129682707662	rock
0.40801191804287895	0.9046885556336203	white	0.04692627041846992	rock
0.2	1.310170203694154	grey	0.015897715347900656	rock
0.9461793425169985	1.2598829956958102	white	0.01730180285664662	rock
1.3892917437890797	1.3833714501959307	grey	0.009472174116556388	rock
1.490564930210056	0.9009963638476142	white	0.04792668761850286	rock
1.3115546467227375	1.199216841929769	grey	0.02203263860632584	rock
1.3072292774845813	1.3493501638235825	brown	0.0268820525064787	rock
0.3151408680396457	0.613245051643685	white	0.02938379440422348	rock
1.4034021626987419	1.2484250701358695	brown	0.01570525373045828	rock
1.9230647305870834	1.3980030279399311	grey	0.006238798888497749	rock
1.649391468680446	1.1707199071331338	brown	0.043387205254386975	rock
0.5189743428441784	1.3021522397869285	green	0.044266901563922864	rock
2.604132535001078	1.169335030648601	white	0.04756399767748701	rock
1.4524137642353498	1.0974532065965703	white	0.04112895841787925	rock
2.6457915490440587	1.1101374608293475	brown	0.018229580643213745	rock
2.13599580404067	1.036310285400415	white	0.048925392520177385	rock
1.3333860193702594	1.4137720887176897	white	0.010097894366629535	rock
2.369906523965022	0.5184232661809601	grey	0.02616784591587656	rock
1.9488977802543657	1.047109108926145	white	0.04457100699550257	rock
1.300901837419075	1.5375192409279275	white	0.04186094710544507	rock
1.6532891725560057	0.9239068248476678	grey	0.02889887494566066	rock
3.5394593305656095	0.527619649735145	grey	0.0077817595336803665	rock
3.19739314927915	1.1665075950253496	white	0.00016186022830727011	rock
1.0016977884284182	1.1549011385277361	green	0.007485001939262365	rock
2.693626057496682	1.2729415161410043	brown	0.049850614267650015	rock
0.8647639674278322	1.4485729345165042	brown	0.007111438260976006	rock
0.2	0.9118844060843083	brown	0.046235383630270445	rock
2.6654195973469994	0.9936411549034191	brown	0.021230745616714015	rock
3.0739155340062916	1.1367328080565846	white	0.022685353139194692	rock
2.026234691186618	1.5998925271229687	black	0.027923466614458617	rock
0.7678403711574399	1.6409349731226734	brown	0.02782635410833554	rock
1.694984791431311	0.5839640646307472	brown	0.02236419923275082	rock
0.9770563870153092	0.9397027054425764	grey	0.02134180103346152	rock
3.322952016050186	0.8066347528816673	white	0.03507628363064636	rock
1.2232154690942028	0.6412449159691174	white	0.019833703167628655	rock
1.8446158145649918	0.6903188015423107	white	8.796403056876013e-05	rock
0.2	0.8093226861024562	white	0.0409477073313132	rock
1.1274857046045597	0.8168891957714589	grey	0.027206952463134156	rock
2.007380430822275	0.9055484844597712	green	0.035163843940521224	rock
2.503047400071301	0.5803493729152803	white	0.03348463247827144	rock
2.4438228051297948	1.098933815585365	green	0.04243819945573915	rock
2.4870555225795234	1.397475185022267	grey	0.02325410190137004	rock
2.574471970040549	1.0536019268479155	grey	0.006942243089167722	rock
0.2	1.3999916755016133	brown	0.047576366458100705	rock
2.1335293218697986	0.5516759956095739	white	0.01505706041762473	rock
2.1903537882993755	0.43557351530705474	grey	0.017661380098479368	rock
1.6428814425687164	1.1419245931540507	brown	0.011774774830167057	rock
2.6010235441634646	0.30640048575860324	brown	0.017934914681215854	rock
0.2	1.1022801524463384	green	0.04542208911448232	rock
3.257770581644108	0.7927101028369347	green	0.022635953695651263	rock
2.95450289218745	0.915783335409499	brown	0.0010670090720052816	rock
3.30237021179713	0.6551344953622802	grey	0.02815679672588243	rock
1.3302708467480122	0.8603665359983551	black	0.001602469666822287	rock
0.6692056866966551	0.717164783819922	white	0.037832288040493975	rock
1.924946275365266	0.9027646957917396	brown	0.04478630456538768	rock
3.309475229353896	0.6437183950498243	green	0.04707491296769434	rock
2.942708633395526	0.7435905279866872	brown	0.03342356996916268	rock
1.9855592518903709	1.2516501340845791	grey	0.03045496898732027	rock
2.5667331315011004	0.8861678027403426	white	0.04005848744688481	rock
1.9918813283748227	0.8245144644636345	grey	0.029210999289391616	rock
1.666995603952282	1.2798243438829882	grey	0.009253263587105987	rock
1.5209341867218087	1.0239478275438987	green	0.036927174998913743	rock
1.6348660363775938	1.2739126913745267	brown	0.016615524149584216	rock
1.7082809897181852	1.2533446049485428	brown	0.016388100499889646	rock
0.2	1.0330391257740608	white	0.026010138812032263	rock
1.1239038897228932	1.8259333874537382	white	0.032628492963260335	rock
2.726064029761204	0.9652968480890584	brown	0.027821998149465794	rock
1.7784495429866696	0.9365543713044194	brown	0.0034279582699648704	rock
0.2	1.5390597625163802	white	0.005295296445798842	rock
0.6511881524083136	0.9534157688204307	brown	0.038517961926859995	rock
0.7379362220610017	0.637633220328026	brown	0.024963989183529312	rock
2.549421567614223	0.6300012469256816	brown	0.014772088024288749	rock
2.086738795808076	1.2744814561849944	grey	0.012938553614440858	rock
2.0047981327074997	0.9606441600692329	brown	0.03753699888257085	rock
2.569565377826456	0.5902868568045048	white	0.016858497460635936	rock
2.292037053197795	1.0325395585438473	brown	0.009286984261090286	rock
2.7950766256238513	0.6211612301068653	brown	0.0009438295807100927	rock
1.730809022527601	1.2898381968281123	white	0.023208435516324556	rock
0.3896293584641548	1.003327939414757	brown	0.018286076494983528	rock
1.925095961942283	1.460643267514766	green	0.013380404931356706	rock
1.5684482991318287	1.344125731029709	white	0.003579515683662643	rock
1.0755191770703276	0.962812193572739	white	0.018935080318275968	rock
1.5913991785668793	0.6205825131622977	white	0.027834637167309263	rock
1.9174963960390459	1.3732358599329961	white	0.026969209744515468	rock
3.6122376966184016	0.7038094683625383	brown	0.03877770046247497	rock
1.044007297780161	1.36012736181521	brown	0.01596440906130081	rock
0.2	1.107227852606828	grey	0.01299605260013882	rock
0.6171392422153821	0.620981866663077	brown	0.04219727052795752	rock
2.428977230892667	0.9638668183216269	brown	0.04018131739840035	rock
0.2	0.6581456538822529	brown	0.044872536631251125	rock
0.8360331223360432	0.8599045858545239	grey	0.010615555310385322	rock
2.5422092996939814	1.012714104937365	white	0.02973382279202588	rock
0.37397928996616003	0.8350294486256385	white	0.02856650586997004	rock
1.9660168506911173	1.0252567819277782	white	0.012642453814521226	rock
1.3071222801143572	0.5001680714280936	grey	0.030057273037178308	rock
2.002766812452173	0.9986815341279321	brown	0.028948970397052288	rock
1.5218996671401017	1.1493907598598645	green	0.01597334710653695	rock
3.4983219041177622	0.6998026085201626	black	0.036653256529189736	rock
2.1398097201286115	0.0713172956959203	brown	0.032389707381484854	rock
2.055814630457197	0.8875832011916212	brown	0.028212558777768727	rock
2.5145594758273906	0.8766418999970942	brown	0.021670595226183132	rock
1.4054833083764322	0.56115062431672	grey	0.0194121250751017	rock
0.7196810803535838	0.7129374225665155	white	0.0392944992991593	rock
1.6929945751943984	0.6853690289356889	green	0.02493098128224913	rock
0.5721001151093148	1.1615521959760273	white	0.02194508792021715	rock
1.3207079823670158	1.1734821917754583	white	0.04826516792217474	rock
0.8157117156809862	0.6807243865425064	white	0.004716889372043731	rock
0.9150145044247765	1.2804598443864639	white	0.02008595945535438	rock
1.6732456821337396	0.9384917250776206	white	0.03765784154254484	rock
1.6484539653754797	1.17909408709741	brown	0.015933380092576176	rock
0.2	1.0243894904456285	black	0.002168597005476619	rock
4.706951971742131	1.7009330243596108	grey	0.017333891595683926	rock
0.8533444251458616	0.993084750891644	grey	0.029917533621849846	rock
1.3486532092224666	0.180490020501119	white	0.0024613947201421794	rock
2.64899551649827	0.8898270798453218	green	0.0032878148257037224	rock
0.4755558324290121	1.096270685839089	brown	0.044564266560416156	rock
0.7690567999251985	1.4993304280706463	brown	0.04659047575009606	rock
1.6447704619421262	0.991051972389835	brown	0.02941380474377366	rock
1.1860794265081074	1.10403796373226	brown	0.02139550010420165	rock
3.590353694562816	1.4517292539197195	grey	0.009003082185953038	rock
3.8359158871706613	1.128930046371995	brown	0.002764586038025768	rock
2.1499933447104453	1.4810952258137173	brown	0.015486390953192037	rock
3.3690794690801633	1.2427719734723048	brown	0.02815444251441572	rock
3.1092740408709156	1.2350040826256816	grey	0.021644224313284933	rock
1.108274226989085	0.8911473358846307	white	0.046995415983386364	rock
1.7724366718124207	1.0217703743163347	white	0.026267410544986932	rock
1.7752925081509832	0.7081225352454408	white	0.018056251930743877	rock
0.6883890368315884	0.36808946312417334	white	0.019164021204609163	rock
1.4486376617923546	1.2794440932202555	white	0.04816105941872286	rock
1.132688047635392	0.9614211213505146	white	0.012669831435605529	rock
3.426513264663738	1.017872235892361	white	0.0289814454719593	rock
1.4201269305212973	1.0676722086282242	white	0.01704799082130935	rock
2.1145516854744995	0.6726404492316935	black	0.03208599779959278	rock
0.536491383877159	1.2115711904565747	white	0.029976918893412714	rock
1.5069848079212955	1.0957081674318723	grey	0.016589432542213123	rock
2.003588701734204	0.840584602358651	brown	0.01931898691067942	rock
1.3350376814059723	0.9298728650310222	grey	0.02708761975491408	rock
2.681961082665403	1.0923927295100688	green	0.01256794368452202	rock
0.2	1.0166933918075096	white	0.037054185427957805	rock
3.1960132033332895	0.6140946388665282	white	0.021855487573227802	rock
1.2193989689017446	1.0765140373270716	grey	0.046943878188734356	rock
0.4661934665975296	1.0573159894359905	green	0.04358498168137027	rock
1.8674831114460337	1.3448970220703746	white	0.03274546533352435	rock
1.5984865861438955	1.615808094516665	white	0.0091892219244463	rock
1.7453184357868963	1.170014781693889	brown	0.01865798599972182	rock
1.5859570034664827	0.5469143067352196	grey	0.04190261206719632	rock
0.4208970872921176	1.0028484179356094	green	0.04128609710046798	rock
0.2	0.47346265398018095	brown	0.022846750336004598	rock
2.393445671794634	1.460377675476739	grey	0.007311686349480085	rock
2.7853437613547416	0.9349921630353681	brown	0.039692714579058506	rock
4.210424371123153	0.9835461463512023	grey	0.019183162666373085	rock
1.381072624549538	1.208838923203094	brown	0.03045366719980046	rock
2.5497063601385297	1.5129465773164918	white	0.0250108002084318	rock
3.134066205698769	0.7146863850818119	brown	0.0290792321328084	rock
1.3368047255449704	0.8920998159015098	green	0.02556438131382141	rock
3.1585626534115265	1.0491307403941206	grey	0.03538082964546446	rock
2.161125880726107	0.5141953667382463	grey	0.013540510268835487	rock
0.8500139754629633	0.9322277372346309	white	0.01529445153618596	rock
2.2040156589236286	0.6415808670703499	black	0.04892958795063417	rock
2.6566867720181144	1.2796277893860397	grey	0.04716517325325989	rock
0.9852651619175102	0.8773865992721135	grey	0.02472787457058105	rock
2.878704486473909	0.5110918372324108	white	0.04176113087758089	rock
3.3619640218111915	0.8935861583272418	green	0.023525911725384277	rock
1.863915141461606	1.106061186273742	grey	0.002556290671123451	rock
3.4527054019336267	1.1397262448944874	brown	0.034221421791461155	rock
0.29553260666493353	1.141301693604637	grey	0.009690697884429628	rock
3.3047590556323208	1.3063516970034215	white	0.021062414752335196	rock
0.34422268989282157	1.1279084476159764	white	0.021497344961300124	rock
2.02070757303138	1.2006445134457182	white	0.02494309834860339	rock
1.203287587828108	1.1892452986982558	white	0.026601018531376603	rock
2.480673229280745	0.8664383070758651	white	0.045512401791207406	rock
1.2766412314258	1.2025777451246313	grey	0.00945211721164902	rock
0.2609558045326308	1.2750072023982082	grey	0.017834559387027195	rock
0.2	0.8003744612833582	brown	0.04818786504066411	rock
3.0583871196963974	0.7352408950589826	brown	0.009906058884310766	rock
1.419647176331893	1.3935357681452165	white	0.02453202509853717	rock
2.8021926127189145	0.5902237224500468	brown	0.0051084624537619085	rock
1.3447649705549463	1.2643645191190687	white	0.006504936978758297	rock
1.6878744214051884	1.0159356933769104	black	0.029540451914584966	rock
2.7679503362441547	0.4564002861952053	white	0.012987790416413875	rock
0.757622542969055	1.1016979017362794	white	0.01746847651274838	rock
2.712248427047593	0.8429572310435859	black	0.028453115269894552	rock
3.2165482030037333	0.8746074825397702	green	0.025609692163620384	rock
1.8319095154335834	0.5186119649519716	brown	0.02811487588946598	rock
2.006640759412935	1.3880162833089493	brown	0.048304889796428774	rock
1.6411098456533102	0.8601433439379671	grey	0.013056549926195449	rock
1.2559407714184692	0.7141300273189645	white	0.008977195523703014	rock
2.6833772542404497	0.8748103457972963	white	0.032371511708822	rock
1.225301703106393	1.0131526728745686	green	0.032892314345792005	rock
0.2	1.3033713872970942	green	0.014418389111638308	rock
1.6829090817765975	1.206640962095229	white	0.01379507723957698	rock
2.9795709740340732	1.3414394486973815	green	0.005336657498513298	rock
0.3685222698890631	1.142264546359474	brown	0.035892401623122724	rock
3.617599900976164	0.7798775936536925	white	0.030343742103794532	rock
2.9298902043710955	0.5443366154270846	brown	0.013283719750054906	rock
2.1636560971235212	1.5352905982830853	black	1.0881907984872456	hiker
1.7374710789250967	0.675000710166862	brown	4.566074001978645	hiker
1.5687689143795835	0.685005472422002	black	4.535717013826708	hiker
1.9528748857508071	1.149260717899027	black	2.7835075327343968	hiker
2.18581828286217	1.3908097654343963	blue	2.1078411129335337	hiker
1.1374586577360555	1.419196555027485	white	3.384308416288282	hiker
1.3643524731858447	1.3225469469730868	brown	2.678522615657389	hiker
1.6089905527169808	1.4857587307630549	black	3.5583176880816283	hiker
1.6335958586857393	1.3571580553614166	black	0.26658052195937	hiker
2.2176342825713635	0.7413853455311423	blue	0.7954365374727927	hiker
1.61243661114362	0.0	black	4.537317787145836	hiker
1.6336972338098674	0.6742167400942314	brown	4.827834379341288	hiker
1.5524977404862337	0.34176658753490885	brown	2.80643914725417	hiker
1.7133887450987852	1.1476914785909305	brown	0.0	hiker
1.5000270172136825	0.8792151129428765	blue	2.6919202307580568	hiker
1.4781883068176622	1.0606163649093117	black	4.605934386357839	hiker
1.7600194470042858	1.306309171449334	black	4.030339356334133	hiker
1.5599097554116343	0.5556658577819777	orange	0.0	hiker
1.8139683305770027	0.6127097096871827	black	1.801210850285894	hiker
1.7597480414508226	1.185392822226973	green	2.476152787708656	hiker
1.6326030123853417	1.0007117817813576	green	2.2902787745300865	hiker
1.5861586537818362	1.1553678092294741	black	2.5770948545326986	hiker
1.5815057320996488	0.6365216066684583	brown	3.043852933997871	hiker
1.7003320004596008	0.35585271825553066	black	1.9419386257640225	hiker
1.5062905692525526	0.25903569452863584	white	2.170004615049552	hiker
1.8602868661028118	1.1322819001608786	orange	0.9012883039773445	hiker
1.7487951686109828	1.1928768327190316	grey	1.4047396616665615	hiker
1.5534815567396112	1.0145591252934607	black	1.501957780924133	hiker
1.5938551108477441	1.3519711054501344	black	2.1530064806335494	hiker
1.6262677834688524	1.3045445517752534	green	4.6774223560814745	hiker
1.2994048397480156	1.0650084050812192	red	4.407293108725026	hiker
1.4878721781655282	0.2760557829426717	brown	3.3239616266242273	hiker
1.7925424011505922	0.9102502497883318	brown	0.4583742795345942	hiker
2.005026377407807	0.8674270815413507	blue	4.722621505246481	hiker
1.6620772980961673	1.1346838199121336	blue	1.871642255150507	hiker
1.8981000717431937	0.23499421666091794	black	3.5635693281218765	hiker
1.3008407977082719	0.735538311348974	brown	2.8660321807815086	hiker
2.154161944747918	1.1017766960881494	white	4.852105508989579	hiker
1.673461441337182	2.098839264595211	brown	2.6158692418285465	hiker
1.8448302110491077	0.37683359906942193	brown	1.111888078838986	hiker
1.441250097514902	1.640092866056116	blue	4.255491767242351	hiker
1.4185059530145494	1.172773521705073	brown	2.5096176781690755	hiker
2.0375315312330944	1.473530787587816	green	4.174118178352319	hiker
2.1198374190560405	0.24210168209256322	brown	2.392266899134174	hiker
2.0333827320247657	1.3709954981025505	red	2.2528444335612146	hiker
1.3749233690106442	0.8784232038523688	black	5.298979069207921	hiker
2.0270141340807593	0.43051762004381394	green	3.3337333210189133	hiker
1.2365572693053375	1.2724019909190298	blue	1.72180588685426	hiker
1.113957852552638	1.5798599734599506	grey	2.871405888766546	hiker
1.363227422768273	0.7938761756744759	black	1.0317858746358937	hiker
1.918997249897297	0.31198098626723814	green	3.8125376453186455	hiker
1.2680308312928792	1.4479832153444736	black	1.5257677042995588	hiker
1.2788435047752498	1.0728801124273555	red	2.437441152121082	hiker
1.2272361014920152	0.6121539904990315	blue	6.53206473038118	hiker
1.3617700170005471	0.9925221353109395	green	2.9749753089893787	hiker
1.6163757003178383	0.19523571036793452	brown	1.5797160534382781	hiker
1.5788763092182867	0.6947670000240344	brown	2.8297522792332113	hiker
1.8767221313047133	0.6297470215897645	brown	2.0694442159111612	hiker
1.6355539050015104	1.1442503208969952	red	2.0358742093384756	hiker
2.137274573732003	0.4775294418933398	grey	5.328063015159694	hiker
1.6385257666476236	1.0705032540255888	brown	4.049059338418536	hiker
1.913450134507395	1.0819837558335499	black	3.6020420282325616	hiker
1.5165918396980984	0.6107722337539984	black	0.9417724075467109	hiker
1.432820745333011	0.9691141700845861	black	2.3380938514266942	hiker
2.1620931898936213	0.5455237261826033	green	2.844931433874305	hiker
1.236714458829467	1.4787708630470644	orange	2.7352541512764286	hiker
1.6082846865407863	1.7132447608069028	green	2.8959903374705878	hiker
1.6704700083062987	1.200025745095898	orange	2.4078060229099822	hiker
1.9834785585893127	0.8309974247337149	green	1.7201544864092848	hiker
1.3557575554993357	0.35340120825253357	white	2.4119834923975767	hiker
1.9947216877979634	0.3579797312843794	blue	3.7006168584812045	hiker
2.3284930289851613	0.31732329180957974	black	0.47904757712571744	hiker
1.6198748107680343	1.086525877030407	brown	3.573174259947457	hiker
2.2238189519922167	1.3223554703237614	orange	1.11945064710787	hiker
1.3002139007500568	0.809262415453499	green	4.167908711167294	hiker
2.0161138367490006	1.0456844524954798	orange	4.22466312293759	hiker
1.400519276909414	0.5305823797373093	green	1.9890057410180786	hiker
1.727313117039648	0.6736062884009181	black	3.318462792610208	hiker
2.0083907313378924	1.3228740402584795	black	1.6523839166995185	hiker
1.9936766233274792	1.2325373631603829	black	2.984954379643915	hiker
1.926799918934867	0.6885123417127778	brown	2.6227475142872216	hiker
1.5513038682347648	1.344748622284079	brown	1.03741960804739	hiker
2.069544894598167	0.8281518006281157	orange	3.905625205292794	hiker
1.8477088826896033	0.982866996122057	green	4.393364145306119	hiker
1.6761030960668686	1.2974709955424344	black	2.568488799864926	hiker
2.1039713490228564	0.4559189016659627	brown	0.14695492510433428	hiker
1.8647456351452276	1.0304442582343587	black	2.8959200474387226	hiker
1.5641240384804778	0.6075261467600551	black	3.9914848427939766	hiker
1.3173121072171183	1.7321218956988642	black	3.1863759851019893	hiker
1.9167906429181543	1.6445011106234866	brown	5.548098776011062	hiker
1.5709224484240178	1.412194432893618	brown	2.9838170808384024	hiker
1.5505552798076219	1.247540609552262	brown	3.442977199472454	hiker
1.4233802118856493	0.8951254324212986	brown	1.693611186687927	hiker
1.7981901493011656	1.5726031042346118	black	4.456259103473844	hiker
1.4557447821236025	0.0	brown	1.5861779550153616	hiker
2.0246850789567503	0.7599284583475757	green	0.4339558961067904	hiker
1.438061705533738	1.3237811140446922	black	2.9092863816676555	hiker
1.9074062501231033	0.7685925862696964	red	1.729416647206171	hiker
1.4012950025958533	0.0	green	0.6825046260584067	hiker
1.6322630393925002	1.1162345496886723	brown	2.777237857794585	hiker
1.5928209361000798	1.2289906016361418	blue	0.3451342351425635	hiker
2.165322244066655	1.7174121691649098	brown	3.6121442689582834	hiker
2.027183130019741	1.2916367969260478	black	1.2138321635014926	hiker
1.7254833334834039	0.759221125451709	orange	2.280135648062509	hiker
1.255592897843152	1.0423476757812415	green	2.8560563441864852	hiker
1.6672339263748386	1.0132902053797634	brown	2.7609480871364394	hiker
1.9272794654541958	1.3140169515479643	brown	0.0	hiker
1.5743164723845897	0.8121721743194381	black	2.78612333867985	hiker
1.9132522803223293	0.8789492596903192	brown	5.289071647510553	hiker
1.8755388599254572	1.1329199877317104	brown	0.6199979912780003	hiker
2.0775619507058463	1.276863953097625	brown	2.105123380749213	hiker
1.9507180216750961	1.0078722730183087	brown	4.229654034713658	hiker
1.440915307368904	0.7988641853465053	black	3.8865029878631296	hiker
1.9413337389703171	1.3902795026726047	black	3.7260846121365767	hiker
0.9569336385873548	0.013164973275296355	black	2.7757702411762506	hiker
1.3210498050612312	0.771228525126	brown	3.0410367662111724	hiker
1.4861201055818622	0.9938742736162716	green	4.570334338219482	hiker
1.6134687312861047	0.47135410539755407	blue	2.1752342576184853	hiker
2.0087135266767153	1.0196568396255055	green	4.476475902896423	hiker
1.51276484658676	1.3121687029893707	green	2.5933897837689206	hiker
1.4134034660097572	1.0881245572089722	green	2.9447720473633856	hiker
1.6024398183065556	1.1130693082409622	black	0.44398676819880256	hiker
1.787243429533836	1.0274128449275488	grey	3.3984747238562885	hiker
1.7033669445335209	0.8732795196133722	black	2.635000720222442	hiker
1.8794168212951954	1.6552207798773833	red	1.7253930900592809	hiker
1.8984158129758666	1.1023018108209253	black	1.903060503655254	hiker
2.1764848929201968	0.5447493655499369	green	1.1655720906884108	hiker
1.3282376149275386	1.214492499595122	black	3.3048243609172463	hiker
1.5850636961498281	0.2323736141140995	black	3.594170446183303	hiker
1.6806254637452773	0.8199305222430958	black	5.238057220602817	hiker
1.88056207347791	1.1275848743778487	green	3.5406703993974933	hiker
2.061195749153293	1.4300999385824318	black	2.3102255452675755	hiker
1.7537318201722325	1.1337942089958448	green	3.1220201229583147	hiker
1.9492695796692363	0.8789471712734624	blue	0.8211985314706405	hiker
2.0266746041066512	0.9591223429724243	green	2.4991682074548227	hiker
1.7748850097038953	1.8803326331296712	brown	2.2008623531338825	hiker
1.6742492304739445	1.1685454130085067	brown	0.06520064797562819	hiker
1.9248337647419116	0.0	green	2.7070341885180627	hiker
1.6207754546184725	1.4241324281358447	grey	2.1144810232629374	hiker
1.9496364809778246	0.49631618216944207	black	1.4171525011982062	hiker
1.847952981914526	0.9304687854695295	red	3.528698680535672	hiker
1.9971254920902433	1.8405970287544549	grey	4.064770962662989	hiker
2.0579530146853897	1.2940665405645118	brown	0.3553767581839782	hiker
1.6645303294335703	0.4205829855189719	black	1.5259023317406524	hiker
1.8062556263052767	0.7806149126285827	black	3.428560112288504	hiker
1.2717708003897465	0.6011693152715982	brown	3.5327702862459502	hiker
1.9092724847592322	1.1315373742124546	orange	3.6457786787375155	hiker
2.080903321700772	0.4007119272054357	black	2.822007124687296	hiker
2.027937940282131	1.4081674957192014	black	0.3644442214053871	hiker
1.2986479098807562	0.5404908069914092	brown	0.6653791632882318	hiker
2.091221238136847	1.7527700910177888	black	4.540407746626786	hiker
1.5512482447713594	1.4704410039182665	brown	3.9220547056606687	hiker
1.729934865361777	0.8357485221012182	brown	4.329435786683119	hiker
2.0242200593654243	0.9552104696596887	green	3.9545990764919066	hiker
1.4753163404074185	1.0925737495939107	grey	2.330939405245722	hiker
2.162301722156099	1.3920167839723496	green	1.071561234963971	hiker
1.6973169444104905	0.7606473382219605	brown	3.523192507973528	hiker
2.2360646765371737	0.8113104617403227	brown	3.459174768054524	hiker
1.9694500785065774	0.9408335899069484	green	2.3803872169305906	hiker
1.9885475214281507	1.1043507253885625	green	2.916703129665514	hiker
2.546817649025208	1.1851288160513511	grey	1.490314862933061	hiker
1.4808784714150955	1.014163660367488	brown	0.218039952331067	hiker
1.4801828678726476	0.8319411894023598	black	2.5369436708590842	hiker
1.473224636840118	0.8388334137701184	blue	2.8555359454612557	hiker
1.514825326031657	0.9213069766036448	green	2.4043980601912383	hiker
2.0210747738750072	0.9771088588587817	brown	2.6616844564533104	hiker
1.837962211991003	1.2670970312877778	blue	2.4109524527554895	hiker
1.7111375366666672	0.7874050923691627	green	3.1253910090015378	hiker
1.606655045961928	0.7550335891397589	brown	2.1897103106709164	hiker
1.6807754209034718	1.033169457279242	blue	3.30379323998861	hiker
1.7702967560431466	0.7887709757530809	blue	1.201507327817537	hiker
2.15601937201734	1.548428740462278	brown	2.3996668948681563	hiker
1.4613411108975547	0.23990495925035943	black	0.0	hiker
1.7434089129898755	0.8537714082820592	white	0.05477215229429078	hiker
1.9284224821919527	1.3223241154081733	green	2.7960494867067567	hiker
1.3917781774279843	0.7976985893259474	green	3.754373153287638	hiker
1.9265593350071304	0.2171691328525574	green	3.823958077225738	hiker
1.8091027948650946	1.1099179222237407	black	3.42875001008571	hiker
1.9738985670934959	0.6697867140425202	black	4.363086164343805	hiker
1.175114066847156	1.1103563393910765	black	1.586220932865597	hiker
1.8937536103745478	0.8005048581893197	orange	4.247499990254261	hiker
2.0673326225355018	1.214656271060274	black	1.0829591851453555	hiker
1.802014430330735	0.8607976772899726	grey	2.5828488359213995	hiker
1.994355971377173	1.308690988067919	black	1.3988591651676776	hiker
1.3477408801351307	1.1267172925045696	black	0.0	hiker
1.769059202731363	1.414203016214741	grey	3.216497650719422	hiker
1.6442724893864131	0.6181675037331763	blue	2.4707119784213045	hiker
2.0620745783615386	0.5494138260236681	brown	3.5324258716606494	hiker
2.397884873421556	0.7525342028442525	blue	0.0	hiker
1.7365595442304214	0.7743560346873931	brown	0.9679276028086867	hiker
1.988559428181497	0.606720414715024	brown	2.9927148598105378	hiker
1.878185170837056	1.194668742895408	green	4.558767735463212	hiker
1.9150269327670633	1.2069671215570779	black	0.7329172919492337	hiker
1.7712799829124393	0.5677003012418415	blue	4.021762906995623	hiker
2.0394548140009636	0.45875201436465074	blue	2.8868798746125734	hiker
1.4786337922655652	0.7826259888325089	green	3.130156196830447	hiker
1.8641352490681748	1.013902168760324	black	0.0	hiker
1.8694402900128615	0.666969273302881	green	2.7463498276129132	hiker
1.8928844272264094	1.8549165136879835	red	2.093754422290018	hiker
1.6348118018047622	0.5019571605411836	brown	2.6104680427478097	hiker
1.666625608499978	0.9677281066964429	green	3.840395112180835	hiker
1.7941030583243618	1.8585148740886819	brown	1.4543098139423156	hiker
1.8981851567320387	1.331723745408618	black	2.622654443012071	hiker
1.5860638481674207	0.35348571517692007	black	3.607400856566418	hiker
2.101150653423622	1.3672831954540512	black	3.0584400394631532	hiker
1.8268367198637954	1.4730326664035467	black	0.0	hiker
1.712273737591747	1.2172749337832418	red	1.390327863848232	hiker
2.2929105679155932	0.7255685865161103	red	1.748325722860572	hiker
1.5367297682810812	0.4295488218784286	orange	3.6246412317082997	hiker
1.7596578790844633	1.7651700484417976	red	0.7691027819604805	hiker
2.429311435245424	1.5111127407376619	grey	0.9523084956977894	hiker
1.7305944867804097	1.5278572840531928	grey	1.5315945924603018	hiker
1.5293046803464814	1.3319277854580758	black	4.184706072780108	hiker
1.834421275070382	1.516632161984033	red	2.664607252285927	hiker
1.4386139044124808	1.326830551218983	black	2.537231136198817	hiker
1.9459013865338233	1.5834949977493118	green	1.3790524072438215	hiker
1.414656202887385	1.2956535064426962	blue	2.1141338911268424	hiker
1.440391004464069	0.9284527417078398	blue	2.303936117039038	hiker
1.7689032514795422	0.3441731324574883	green	0.4344603222207488	hiker
1.445594866088857	0.40232374894047923	brown	3.2739259261845155	hiker
1.7591170793696251	0.731204042316809	brown	1.7116506848574071	hiker
1.7217696307857135	1.7032196644119906	blue	3.4105450203546273	hiker
1.6739105221552284	0.9997503626108868	brown	0.7786029182107874	hiker
1.7395752162217266	1.4141482968441719	brown	1.138864931958255	hiker
1.9062301956519598	0.9787889941404172	green	1.6341689053981634	hiker
1.8216601901564564	1.1491267216473626	brown	3.696574636484422	hiker
2.178327918653369	0.9517427016742015	green	2.1272211292773244	hiker
1.6432664754813293	1.9078806068018135	black	0.0	hiker
1.9763495939707214	0.9537920748011992	black	3.433692158848339	hiker
2.115414292921541	1.3323593684337371	blue	3.465321074234533	hiker
1.8610653545581144	0.7625356946123603	grey	3.4759289705122036	hiker
1.859968391023691	0.930150237617422	black	2.323569322095305	hiker
1.6912803716775864	1.4059927005070576	green	5.0935679339256605	hiker
1.2790830589933817	0.4940491423210709	black	3.081447123530533	hiker
2.0377016510154258	1.261010626552867	brown	0.8543487985489371	hiker
1.545129236561218	0.6951609938782133	brown	0.8526379600122458	hiker
1.8661143130622657	1.164152734293101	grey	3.425972320918711	hiker
1.7686744265875023	0.7438798064611117	orange	2.620507914129483	hiker
1.9893249840159424	1.3579294712487737	grey	0.4630090372854554	hiker
1.4128271117678333	0.6852520267498564	green	3.3758618775645353	hiker
2.295527999163811	0.8857677831384215	orange	2.6553667211549214	hiker
1.347988630559859	0.7829418752485979	black	4.002109782000717	hiker
1.39795962250502	0.9208657864612528	brown	2.0961976779002374	hiker
1.612818392692925	1.5809355807155092	black	0.0	hiker
1.9038021655679347	0.7524230467021595	orange	3.218046793182859	hiker
1.7682891649725596	0.8561308401375444	orange	5.074009988041597	hiker
1.8085266197217382	1.3486174385329945	green	0.2383661998164217	hiker
1.8187814729840612	0.6946131218340513	brown	1.5530505159833616	hiker
1.321711384315975	1.0287674973731205	grey	1.7285732915606689	hiker
1.6051869495471538	0.31607292732990205	orange	1.5101937674477182	hiker
1.553194557688247	0.6165574109370257	green	1.0535716631553382	hiker
1.7302331876329533	0.849876370759269	green	3.720939664923745	hiker
1.7212163717854911	0.4582647097033428	grey	3.9424234974195436	hiker
1.5053848264301124	0.8965345014203102	brown	1.9313701693784497	hiker
1.5282979556793743	1.1671781544628101	green	2.858123070649521	hiker
1.4746002213572447	0.9352762748181496	grey	2.2356656915952926	hiker
1.736575023520225	1.762924708649484	white	2.959851886545654	hiker
2.014146572776811	0.35496392719992065	black	1.7724795753344698	hiker
2.337917970572302	1.0125516032778248	black	0.6617923002089157	hiker
1.8703976074907964	1.0191836128822929	grey	2.5608796852268956	hiker
1.923196767998023	0.990732606893093	red	2.942052263691018	hiker
1.2231099136093997	1.445548798947229	blue	3.218367414566776	hiker
1.7125385174934804	1.3029900970823243	brown	1.5520494735829962	hiker
1.2761227162244242	1.4642826087966534	blue	4.552419747744649	hiker
2.0158011082109186	1.1916032840735027	brown	2.591477972284989	hiker
1.765129990857645	0.008261631684412052	green	5.464290845202973	hiker
1.9903952349882532	0.15589266433451635	red	2.794533722676842	hiker
2.213703010559338	0.4549649018870297	orange	1.7757543143022398	hiker
1.746203546504757	1.1942805019391525	black	3.9673600209433846	hiker
2.0909736768561245	1.2217438002018746	green	4.664793739823608	hiker
1.8334353043322866	1.8172225534371642	black	3.4822843519833926	hiker
1.4488664305737478	1.58356978442085	red	0.0	hiker
1.8542461572772373	1.5322582049656979	brown	1.461978090540311	hiker
1.5661154763859257	1.0709033537223926	green	2.6560820408106403	hiker
1.280883887733283	0.9698924765240138	brown	4.40858921278965	hiker
1.8407897132878643	0.24003271926795602	brown	1.0844450999811217	hiker
1.8051218654478909	0.9528776394697724	brown	0.7509912026841028	hiker
1.9498875491495773	1.4166706127369082	brown	0.8124763817853233	hiker
1.513989691990519	0.6319149895545604	black	4.030549368858278	hiker
1.780577342679722	1.5465607295364465	green	4.097041240013533	hiker
1.5563205740517039	1.085887296528926	brown	3.569898431762895	hiker
1.8788947725058993	0.8138340002543346	black	1.1410974869384447	hiker
1.748631757174922	0.9170808672739005	black	0.19088192201057907	hiker
1.7388601071239018	1.3299025390698387	green	2.8894709477486575	hiker
2.565659564618274	0.45501659081129064	black	3.1868280292068425	hiker
2.119805656823074	1.0690208316788958	brown	2.377253392687111	hiker
1.6968677138023258	0.9205933315441349	blue	2.4680667281001187	hiker
1.4461456644572688	1.0197440481210935	brown	4.060828810150075	hiker
1.4611770489143963	1.1758437694906558	black	2.0174068091372184	hiker
1.8291227084233384	0.8837728035333743	brown	2.062914373661291	hiker
1.9171122200155855	0.4408310789271777	black	2.6754683292123755	hiker
1.9430346347170424	1.4572503368121226	brown	0.712415446107453	hiker
1.688896633952565	0.9635337651641145	black	1.3703798975561696	hiker
1.6465843713889683	0.6647042275061992	black	0.8298594508428634	hiker
2.170619088825731	0.6497757893048103	green	2.204564416821981	hiker
1.3236303834725611	1.4281447014722564	black	3.77426293822617	hiker
1.7132293084455044	0.567944241446421	brown	3.553665297077676	hiker
2.080855761329828	1.2575448926069832	white	5.506422634453568	hiker
1.743659775610442	0.9713018800259784	green	3.521910196067865	hiker
2.009698028522762	1.3087682459550998	blue	2.689542008979126	hiker
1.6012406514497344	0.670966929898742	orange	1.834587923436621	hiker
1.8365145001352907	1.8285893008998577	red	3.2224078464051478	hiker
1.8020582217972219	1.9511984827212252	brown	3.308115870476292	hiker
1.9259825638193488	1.17951254164088	green	5.350828587550373	hiker
1.8295074306456216	1.1363618560775233	black	3.0606852967161347	hiker
1.9716600297871103	1.2775581006498988	brown	3.5715148712789486	hiker
1.1062231866915133	0.8274981911071556	orange	3.058865516875687	hiker
1.8736332417833397	0.8472467311400728	brown	2.7365429243176327	hiker
2.2962269594433593	0.7516460663517744	brown	0.9785111902504828	hiker
2.0082470273179966	1.401860389538363	green	2.188695472560962	hiker
1.743979186244011	1.0991350421349584	black	1.261756712408617	hiker
2.029021449166551	0.7541418630087613	black	3.1030964724382075	hiker
1.967190008141497	1.1290782868765619	brown	3.790793079452407	hiker
1.585744834053634	0.8886790796566493	black	0.0	hiker
2.0159243184602094	0.7702112053665928	blue	2.693133474240367	hiker
2.179830281411401	1.0903355929818472	black	2.033910210141621	hiker
2.0106873813719397	1.002385781689584	brown	0.0	hiker
2.586103979093607	0.31640894051821417	black	0.0	hiker
1.3117074654996743	1.4979107433761965	green	2.4005559071646876	hiker
1.6268660111474709	1.0550453522779997	brown	1.2963074611438743	hiker
1.38056871228329	1.009721777103919	orange	0.7346352836798904	hiker
1.5301404648897488	0.8908225856835271	black	2.7650061492653633	hiker
1.8707316162392285	1.6260465947251845	brown	3.177073945053835	hiker
1.3702314683329206	1.2556192993799045	green	1.9236104699313612	hiker
1.9272374424380896	0.6625751119755249	black	2.813149878023217	hiker
1.89403797034519	0.9610828897097177	black	0.5177993877130014	hiker
1.9807087692884577	0.6975946869048416	black	3.1999391845431253	hiker
1.7922562390319143	1.5260320838516486	brown	6.774847746274844	hiker
1.858945811970569	1.4140674375756341	green	1.5628698182695193	hiker
1.4116170498023424	1.73835682399773	green	2.059869215930664	hiker
1.687151470646582	0.5379410391150786	black	0.004593808692890278	hiker
1.671311475836991	1.4262033329650436	orange	1.2368120812924592	hiker
1.780984723171785	1.6869314768852228	grey	1.8582827075264243	hiker
1.5388558772351082	0.9109481453457366	brown	2.417180695057037	hiker
1.566905117890438	0.9880231745175673	grey	0.8146772783105889	hiker
1.119125250492318	0.819597280461878	black	2.9550869965041797	hiker
1.2165145599039633	0.6919543703977517	orange	2.809558741060834	hiker
2.5325121958883097	0.9278968148492597	brown	4.128371222372157	hiker
1.7058285833215137	1.1672725212962196	grey	1.7995157192835496	hiker
1.9603158520742647	0.9341367882959812	black	4.909496561620241	hiker
1.342798529706859	0.0	grey	3.5320455116017677	hiker
2.0039957240920203	0.6366773067119412	orange	1.6153082642174788	hiker
1.3844923722063363	0.7259699757771232	green	1.7878934503098354	hiker
1.7409966343541985	0.5022560040502644	black	4.6630249381062825	hiker
1.6150813154439638	1.6600538805766045	blue	2.321766404207552	hiker
1.7498557910146992	0.9249015920633876	brown	2.5220966046278734	hiker
1.5897280026244136	0.5059167832151308	green	1.3276878030581563	hiker
1.3108605526247288	0.39941571966402345	grey	2.875872652061632	hiker
1.9072655842203035	0.4445550533807647	green	6.517966464000335	hiker
1.8440333677115774	0.8591262337158275	brown	2.9800353730705837	hiker
2.300021355194941	1.002440116205492	brown	5.240491166852739	hiker
1.4519128045079817	0.4696879884111408	brown	2.988811197906898	hiker
2.4715664934433788	1.0937209778917152	brown	5.013685814643962	hiker
2.0199887104702587	1.0264802191933304	blue	3.1924517257391254	hiker
1.6143026513443537	1.6730734478393259	blue	2.1392313103999228	hiker
1.3808469121738245	1.6088616391034836	green	2.775902236720451	hiker
1.2687201711683929	1.237475892292998	black	3.248453857771005	hiker
1.5261372753132403	0.713742155413265	green	1.827254371666637	hiker
1.8147665153465797	0.9018632916108063	brown	2.794587263712383	hiker
1.7724345614766355	0.8003972129049023	brown	1.4278381343196669	hiker
1.991697856923551	1.4283569267329945	black	4.703005425897012	hiker
1.9090240210892022	1.2998998553236867	orange	1.5377373101746872	hiker
1.5646511090029684	0.0	black	1.1346789368666048	hiker
1.4386841894338132	0.5058222192396115	blue	3.589374351850746	hiker
1.8243806544810113	1.1118639918695694	green	2.628768985964754	hiker
1.2804515114302335	0.42910220127873966	black	0.43524988653945984	hiker
1.940137331608782	1.4304257717829614	red	2.2444220346194563	hiker
1.5300609588069711	1.1289231219074705	black	3.2343755467570334	hiker
1.9294523328845532	1.246096904088578	green	3.192969121026864	hiker
1.871849181806327	1.0880035717454983	brown	4.036285203513419	hiker
2.3800138988300445	0.5155309787889543	grey	3.3900260288254414	hiker
2.044098165957706	1.3292549198693424	orange	2.5014625902928316	hiker
1.4991179960047771	0.2663081147954321	brown	0.0	hiker
1.935841287162003	0.7733373930722406	orange	0.9599188401079202	hiker
1.9290047313483185	1.5570067107160108	brown	1.6257024500988488	hiker
1.873086763655566	1.8057065812850932	brown	1.2662783043827979	hiker
1.6121697413133063	0.7967193886939526	black	2.047456891186753	hiker
1.5304791519679353	0.6468469077831468	blue	4.400639304951815	hiker
1.2034182571008243	0.912035672466416	black	2.911800458898081	hiker
1.9617273912854587	0.9881723441036107	black	0.0	hiker
1.0727890043593962	0.6408199259197285	green	2.7063386581951727	hiker
2.145219154803429	1.1491150882496977	brown	0.5164183172521266	hiker
1.950893748759564	1.5384518851018134	brown	3.4943604787163767	hiker
1.8044279862061727	0.7255264838064893	black	2.5627235129232355	hiker
1.6687773758144284	0.904499857896664	black	3.0001655419586353	hiker
1.5431524883095225	0.6929400184827923	brown	1.9124062312063579	hiker
1.8515047404405174	0.7507285294351733	green	1.8263972325716118	hiker
1.7526942899525426	1.2355677050422653	green	3.828922627506016	hiker
1.7953289865315885	1.0752121143426128	green	1.9655169352858881	hiker
1.9606281220701733	1.5017487263328977	grey	3.6098368949386455	hiker
1.624546619521674	0.788383003306347	brown	5.588540218020922	hiker
2.348219545964731	0.4923053106665301	green	3.386734138499194	hiker
2.015329521275428	0.6497312075363443	red	0.7938095102770104	hiker
1.9354688005773049	1.467336196950574	brown	4.41469087366429	hiker
1.0353604653688753	0.8653031558129101	black	1.658962966853893	hiker
1.5299634274888227	1.1865116366100303	blue	2.1354356451393217	hiker
1.7243362538549767	1.4667070862195033	black	0.3005725969533559	hiker
2.045366894675103	1.628378071630221	black	2.7886997687114405	hiker
1.691818392310195	0.8260732380427627	green	2.3721157323433353	hiker
2.3313427415739936	0.2996105910991166	blue	3.7176351967602974	hiker
1.5567285090678722	1.498753365538384	red	2.5829837175307966	hiker
1.6217322624594221	1.3449214032785712	black	0.0	hiker
1.871019752664281	1.1210190039898715	grey	2.038358517006466	hiker
1.149046221860206	0.09989974210948774	blue	3.0320298472611986	hiker
1.4038498090904625	0.33161273983444106	black	2.6185099557629115	hiker
1.7543930142232624	0.8881980688412424	black	0.19728288998561072	hiker
2.04970237255729	0.7802564131990039	brown	4.14023592000882	hiker
1.8204099225174593	0.5521234460105611	brown	2.427613068714974	hiker
1.8400022445995234	1.2414212682003367	grey	3.746962168721438	hiker
1.3635020977642156	1.0274458508308255	green	1.130392243314024	hiker
1.7789016799897492	0.6626636365918456	brown	4.29420109925387	hiker
2.3534973708875615	0.5353003075337982	orange	2.2082489257164433	hiker
1.434723955566204	0.6532571583829329	brown	3.53739959295118	hiker
1.619176402700355	0.5832024882600065	blue	2.0820305105293704	hiker
1.6366541422725531	1.2688224995950987	blue	0.7195948443558449	hiker
2.0454068985134275	0.5555975983472958	black	1.6198525232856344	hiker
1.2414548497637328	1.1131278983641952	black	2.7888345388415807	hiker
1.288159711219562	0.15135175051249358	black	2.0335171423766676	hiker
1.9411983247507945	1.717145532520382	green	2.2658315639912865	hiker
2.1326159831555174	0.7542932689629585	black	1.8898002833727428	hiker
1.8108622388293487	1.0798332444422178	black	4.074466579429439	hiker
1.7230281749163077	1.2554857624786826	green	1.5903555104651679	hiker
2.298114511669541	1.6189183966154161	green	0.0	hiker
1.468980612913581	0.7061733609444287	brown	0.06669181037793992	hiker
1.9110506819027067	0.7950146993246185	orange	2.2653656911072817	hiker
2.093657597364567	0.8121468404387651	green	4.332935123000246	hiker
2.025278036143768	0.6417931780599326	black	2.677346345312232	hiker
1.9107499905563188	0.9485393312606437	blue	0.7177901974721992	hiker
2.0441277804915323	1.1114305487943938	brown	1.9680370451278077	hiker
1.8096069635863417	0.7902095819597056	grey	2.440478416856864	hiker
1.417535774057835	0.7553549180875903	green	2.7159056276405042	hiker
1.4351525938472403	1.2157894809554928	blue	3.43088666141779	hiker
1.7462606832473804	1.4041319563997738	orange	1.0042938222763333	hiker
1.3658597500406728	1.1776921961319133	black	3.883721063019418	hiker
1.9576908911210775	0.8903058408057305	green	2.944814864553014	hiker
1.7615098225440462	1.337920733497009	black	2.4593870682376657	hiker
1.6789653061421375	0.9421374553502341	black	3.5257638854691775	hiker
1.3977220067965939	1.3558617360069243	black	3.334261108081296	hiker
1.8164839454490473	1.4285475864494774	green	4.124562732632573	hiker
1.9149959391484346	1.34565579512384	brown	2.08069813056781	hiker
1.8149244042744923	1.6343521969365817	brown	2.354498897733532	hiker
2.356277657213795	0.8721207600925499	green	2.013842540035811	hiker
1.614872366127703	0.6570398382134739	green	0.0	hiker
1.6764009053563316	0.5266530689795867	blue	1.0042131491748596	hiker
1.6203779804570821	1.1540020025786453	black	2.251670908564154	hiker
2.254632366489833	0.5670690642768798	brown	0.9478685668626117	hiker
1.5688207923925697	0.3895148998926917	black	2.246084962969587	hiker
1.304524304724979	1.7091823571158158	red	1.9344315669629528	hiker
1.9137781727365064	1.7274803567636234	brown	0.7076154947791022	hiker
2.3209117295143185	0.46962453015136746	orange	2.6315403332612552	hiker
1.2607322773181115	1.4212409609690861	green	0.8838273020063627	hiker
1.4510002293570874	1.205847633578712	black	2.0164367258073366	hiker
1.945621973988909	1.3601959425624528	green	1.14418780011012	hiker
2.2211673220823376	1.291754550178236	green	0.0	hiker
2.5949983831842944	1.1745729835269274	black	5.494184903691873	hiker
1.4354960621818775	0.17223338744182487	blue	2.0322419710033284	hiker
1.7050196679414729	1.1717656696420478	grey	2.081845036505513	hiker
1.891465578626962	1.217079888211412	black	0.6008873434329032	hiker
1.6074032896669836	0.8468453443038075	black	1.7991643872953382	hiker
2.2182153822806727	1.1530430850248494	green	0.04150512627122449	hiker
1.5290796935337718	1.2559880714561371	black	0.47669763153568456	hiker
2.0558824154146307	1.7093765517652764	green	3.798289467404484	hiker
1.778732458408829	1.599120207674557	brown	4.242438531443694	hiker
1.8631655575099622	2.0068839861405223	black	1.4788577116586503	hiker
1.8701122301703224	0.8444769744560787	brown	4.705362381894942	hiker
2.2868880294422196	0.6915712647187318	brown	3.0589834476984223	hiker
1.6656473394126259	0.9134074036393086	blue	1.6124622243546265	hiker
1.5532412469723713	1.3446101331048124	grey	3.757856756359093	hiker
2.2208575092771263	0.2824137234261411	brown	1.7278536160390554	hiker
1.4438182351366826	0.5141130119417319	black	2.252127111251382	hiker
1.7216486341590975	0.7242416578446266	orange	2.9664699734835014	hiker
2.3185545003571946	0.6854417386456213	black	3.6607222912317052	hiker
1.604927491533645	1.285215952397953	green	3.275578336586473	hiker
1.8053029015053572	1.453577907793487	red	2.6358862347008536	hiker
1.8395038759437596	0.647240271708341	blue	2.765305953918547	hiker
2.149702520964409	0.49786785066693434	brown	3.5793392261809607	hiker
2.310642872257011	1.5436939137945198	black	3.50796504904016	hiker
2.223996490877392	1.397744334832964	black	1.0799907875599957	hiker
1.698632496981009	0.9352690854902642	orange	2.4174476863649605	hiker
1.3574556526261032	1.0117627504441211	black	4.1040463058678	hiker
1.7498782122597984	0.4762887763521639	brown	1.402628173554215	hiker
1.378028445105596	1.6637613866819065	brown	2.9001040719684488	hiker
1.0359252993128623	1.3002490601163412	green	0.3208835361070319	hiker
2.635278342901552	0.9164812026671761	black	3.13059260548897	hiker
1.521910681017689	1.3417055740945218	black	2.9466152156800374	hiker
1.980709297942394	2.0524246815775067	orange	5.077858283411885	hiker
1.0650110208473766	1.2343537103425097	black	0.37599991021098744	hiker
1.4856148507298883	1.0033942500173794	green	2.2742043805197714	hiker
1.2132568861199307	0.05857270251624129	brown	3.5104695870277793	hiker
1.8998551612957326	1.33466177612032	grey	4.4644412841096255	hiker
2.121543535116446	1.3648821853095625	brown	3.897039085987206	hiker
1.6785380361905713	1.2862496470093672	red	3.593103542967121	hiker
1.6574303700818025	1.1345705752134825	black	4.399126228241696	hiker
1.4101653354261228	0.8138763305576784	brown	1.1969975105621895	hiker
1.6937484048928564	0.5909981381028192	black	2.5277873920203304	hiker
1.389506784674714	0.6206604459281769	brown	3.703841381632904	hiker
1.6963483310745888	0.8849052252289462	green	2.8480054802483292	hiker
2.2695519851814643	0.4293051771583022	grey	1.4129895257912153	hiker
1.5902684555305484	0.6988574233360922	brown	4.036328644260777	hiker
2.166361160437063	1.1628653750089157	orange	3.3068462343202376	hiker
2.1187239931736186	0.6310673302344121	brown	2.0257090955629957	hiker
2.2469297850670005	0.5113409986535264	black	3.3823088342555803	hiker
1.7906356397552163	0.5199104776013442	brown	1.1481581392167401	hiker
1.1814123076533725	1.7859395825331024	orange	2.5332987688834576	hiker
1.6817987309228208	1.619993850048753	black	0.0	hiker
1.7208184658118775	0.9207576485302631	brown	5.017423973208798	hiker
1.5317787653441115	0.8801064339267285	black	2.614375242536966	hiker
2.019189851149186	0.743516332720308	brown	3.7254511241283637	hiker
1.8887759766872962	0.18106292012178377	red	2.0085074541637655	hiker
1.8552349845381324	1.6236698614416345	blue	4.442506065048907	hiker
1.7479206647090602	0.7330043785085879	black	1.4710486331773995	hiker
1.8163939656076766	0.9384540473779397	blue	3.7813081171571983	hiker
1.817649820949999	1.0058858317842883	green	3.6443756070411726	hiker
1.8973741454533155	0.9464010304556844	green	1.2675360501776582	hiker
1.734243402110924	0.32848260360092435	black	1.4758924911415527	hiker
1.9590579320881651	1.2706098312512308	black	2.0353912533732075	hiker
1.6826926378656444	1.2064224765879292	green	0.4462525432341622	hiker
1.1180488261212203	1.0878049075318756	green	2.818836935570779	hiker
1.6457503933722923	1.1073439233708744	green	2.5373148576033104	hiker
1.6065397299039699	0.4792983184925436	green	4.9599504553055205	hiker
2.0163168422818085	0.8283178049215	brown	3.509362722326041	hiker
1.7445692723969124	0.7665400226326982	green	2.0266311738444416	hiker
1.4215040890791257	0.15847581215383783	green	1.9615695314752766	hiker
1.4190425968435014	1.629141115519061	green	6.196537614198975	hiker
2.128308588562564	1.384018588289336	brown	2.9651390347809525	hiker
2.0410562129983876	0.8470934691874822	green	1.0350742378537894	hiker
2.144178871340566	0.9486877493303094	grey	4.122833382967717	hiker
1.940532225878047	1.2403452362930798	green	2.683511410971356	hiker
1.7405675132230234	1.666798268645832	green	0.9457716221206203	hiker
1.6227181769083243	1.5642844691818591	black	1.520990897653921	hiker
1.3121625938901953	0.9982479257002842	brown	1.0763362845214313	hiker
1.7103785968624101	1.0252763071103688	blue	3.834518629588531	hiker
1.510595219391118	0.7583538209471804	black	3.2030003385245753	hiker
1.7219304045035984	1.0717892878893083	orange	1.8630122498555268	hiker
1.93039364137989	1.2425335335642609	black	2.1870405259114554	hiker
1.4452721513644744	0.7457981291966105	red	3.3360367290999866	hiker
1.6187703197757195	1.549073436641779	blue	3.4179644420091977	hiker
1.9480975691923894	1.5554512437868933	green	1.3296641537133627	hiker
1.913148020829021	0.3888873208242167	green	3.901502863168858	hiker
1.5366120514892383	0.8620730469822362	green	4.396832163475311	hiker
1.7124596537458385	1.631138361427577	brown	4.465478786573694	hiker
1.9057071635512823	0.9996324464379533	red	2.719629334645872	hiker
1.3756699989310257	1.1206652455577981	brown	1.8244199670110022	hiker
1.9030873125311432	0.6881481996220946	black	2.992169090621905	hiker
1.833225134515935	0.9302313098675778	black	2.197396184229972	hiker
1.6790883702609705	0.7317143006151043	brown	1.8325496148347251	hiker
1.6380414263936418	1.0616664629732075	grey	3.210879647659098	hiker
1.9291409355448692	0.6101517669035204	blue	0.6757496763012547	hiker
1.4011801096848948	1.0482233572880886	green	3.362211206273684	hiker
1.4310334355473262	1.1951017711229919	grey	4.787075276263072	hiker
1.8661313697863373	0.8302059062435398	black	2.8545616783809473	hiker
1.9429767664605748	1.1392362571510406	black	3.704493209864794	hiker
2.2156099815367445	0.5514485533539423	black	3.532247958795601	hiker
1.0671323269796789	0.8740883672884558	brown	2.317493944383076	hiker
1.9596008613213898	0.8614735314669059	brown	1.9623996206143315	hiker
1.863754849959558	0.3295391230098835	black	2.3941224309562235	hiker
2.3847878729989	1.0414025802375537	orange	0.05994317094117907	hiker
2.267009518184695	0.9088090512232088	red	2.219776840863854	hiker
2.2945134736405826	1.0101757954804702	black	3.8907731190819015	hiker
1.7012351223114652	1.1993988761601133	red	2.7144678123935977	hiker
2.580561143447158	0.8359944699519829	green	0.9596083737788765	hiker
1.4395980195338112	1.1118985161108128	brown	1.2551511618871816	hiker
1.8741851070179738	1.6126700890898298	green	1.9011490771297512	hiker
1.9923156064114997	1.495183483039615	grey	0.0	hiker
1.7871962309459006	1.6771349174604324	black	6.278089820568619	hiker
1.9999818513379999	1.265004475020864	brown	0.16108434909032776	hiker
2.1072525282226247	0.8329099478538531	brown	4.19186574255524	hiker
2.0610755918423345	1.382756152859343	black	2.089468603004443	hiker
1.6451393307607451	1.7180617453853588	green	1.887037947182676	hiker
1.7030323647607224	0.3467639479925194	black	1.7138093985746485	hiker
2.085954840117158	0.9018711180883769	green	1.3136422596799902	hiker
1.9623795074733497	1.2213216037345025	green	3.804232171100813	hiker
1.4191952716233138	1.8180611485282583	black	4.653738293197423	hiker
1.7243225435436496	0.3451366813220501	orange	1.105924235988869	hiker
1.5269141996033901	0.9848759903161615	green	3.761606845825562	hiker
1.7110083437139558	1.5892460143179559	black	3.417323501161399	hiker
1.7757007022158693	1.0454832282693463	green	5.017804752073346	hiker
1.3339607896322345	1.1816658740263075	black	4.136043574506233	hiker
1.627550445064688	0.9291058679300536	brown	1.7193647753920633	hiker
2.041675510365989	0.9923599538647103	brown	2.4130224934752182	hiker
2.5334786118514874	1.4773355189199993	black	1.1600939628171336	hiker
1.6161304102442304	0.6288049094600778	black	1.379057920547534	hiker
1.8167376483110118	0.9817936836184545	blue	2.1000890275189765	hiker
1.5292579701310538	0.8323019564092983	brown	3.2430931195528285	hiker
1.7165667218862994	1.0353541451767867	black	1.0020587990578813	hiker
1.5788233430883662	1.6576662968611846	black	2.5824395581098436	hiker
1.6723570273460164	1.380584496279075	brown	4.128822824680993	hiker
2.1253216936065753	0.3521836574008807	orange	2.6881719599545364	hiker
1.831146631592308	0.8188534707120386	black	2.4940689700511016	hiker
1.348801769736216	0.7438610558825184	green	1.7502915735813485	hiker
1.8533771852736691	1.2131351514583693	brown	0.0	hiker
1.760986635844133	0.3814502408005159	green	2.4385565170350896	hiker
1.5864322581686336	0.4247198270126128	green	2.7084965749979815	hiker
1.9175074879479215	1.0919028645496174	black	0.06260005236169985	hiker
1.5281108157694705	0.8638614408593158	black	2.5509778127597906	hiker
2.113844656834983	1.133917008522702	brown	1.3532848833952276	hiker
1.5482451541913222	0.9698125603044454	brown	0.10696728601746042	hiker
1.9211345114505178	0.3068495640259664	black	2.560864151157813	hiker
2.036767735922844	1.0655055612827984	brown	3.009579235428389	hiker
1.5010258952259763	0.7981413162503502	grey	3.5432962107464974	hiker
1.5624865794764782	1.6518819582513218	black	0.0	animal
0.9692362800606006	1.361342545081672	brown	4.1795282271394605	animal
1.7045939882047543	0.6083993251613101	brown	1.498757375993836	animal
1.1528188810077395	1.2130169249661027	white	4.047209260086273	animal
1.769434639581776	1.6451277513704146	black	1.7172757154337268	animal
0.6173406522239744	0.9865490124833893	black	3.7887203424748512	animal
1.6305515620885742	1.1345930035676113	brown	1.2626763856488763	animal
1.20905306798772	0.42806032864946336	red	4.98329387628693	animal
1.233818136119709	0.7838050909633718	black	2.578699134811867	animal
0.9922412631258024	1.0947336050234255	black	4.265403630656272	animal
1.5369939741445615	0.5364994047928231	black	3.1900560744075688	animal
1.905378184323619	1.0475559512720196	white	4.932161600872042	animal
1.9352159095068546	0.5373309846958745	black	0.5099406341722494	animal
1.6844745770457963	0.30294382587311697	white	5.655785383569556	animal
1.4745853860158136	1.0270642271815609	black	3.500802443017219	animal
1.597774821514306	0.8123937655724077	black	0.8369135649677757	animal
1.7179664452189078	1.007935284875346	black	1.8223912358775578	animal
1.2816499335459084	1.071142433539847	black	0.4724727941590523	animal
1.5054928918824546	1.01151032086715	black	1.499646211336668	animal
0.9001589766201201	1.767444834235053	black	3.685402930621482	animal
2.281481880906761	0.7578132438805849	brown	0.24037898208619857	animal
1.915087464906399	0.27273136812533777	white	6.523391333683893	animal
2.1443070287137473	0.8177846350160201	black	3.607017107067191	animal
2.294114551922933	1.244050174774816	brown	1.0841698068062404	animal
1.4106134094261393	0.28178136890997696	brown	1.4514819500080596	animal
1.3205596282110192	0.41489682207695466	white	0.9045836859853118	animal
1.9397719117656504	0.9442378161830696	white	2.157929298364159	animal
1.6727809328947112	1.2439551132834858	white	4.381729792158842	animal
1.4618899156837697	1.404179629978729	white	6.851295549946723	animal
2.25001452635623	1.330736156906585	white	0.9880301172900154	animal
2.139827648703297	0.5126588305389057	black	9.58000596954441	animal
0.7052993093552437	1.180726436337054	white	0.5027205706477664	animal
1.7999516479056559	0.7790538644681129	white	0.8993066074984599	animal
1.8044933105203766	0.811047912670972	brown	2.578841552627627	animal
1.6058393413334648	0.91644174062743	brown	0.5087500456858947	animal
1.0178514977068902	0.5857425312312394	brown	1.9656888831197754	animal
2.1332433271879223	0.7599499140996262	white	6.120473657378692	animal
1.2477835074488994	0.9742122843703708	brown	1.40654923605745	animal
1.6440222030865312	0.2761043248201246	black	1.2890535141883066	animal
1.833219185613218	1.1691137819348216	black	7.407411413583906	animal
1.3092395432561728	1.1131219856769499	brown	1.7062785388157666	animal
1.4374139713409522	1.390220419298511	white	6.9605663747165725	animal
1.576924194005005	1.133050365069702	black	0.8460011379107995	animal
1.4731546606206054	0.5987958282761587	white	1.0583645469789467	animal
1.2923741175254615	0.8231675916833268	black	5.036329293102616	animal
1.2014747279682174	0.8320680317173144	black	0.9588499857687727	animal
1.336946663215868	0.8376563116682583	brown	2.311618601303144	animal
1.7680935527107424	0.7846298154673904	brown	2.5786678793658586	animal
1.9418150848157771	1.2770793631066595	white	4.468093923615002	animal
1.885645380547983	1.2579998994840722	black	4.164278621930421	animal
1.8898938493284592	1.7541060080068025	white	2.6698909496521823	animal
1.7962336120002664	0.5618295379304886	black	0.0	animal
1.8659632667849009	1.1814105337819956	brown	0.0	animal
1.6683599292025986	0.7524504903584189	black	0.0	animal
1.6859182650202442	0.6260356900402583	red	0.8518819011861323	animal
1.836338398574747	0.3935514974668003	black	6.137579531571719	animal
1.7936625715293746	0.7094163773567133	white	7.082401047789768	animal
0.8201841910524772	1.4626643765081566	black	0.0	animal
2.272872929945624	0.9261068981017125	black	0.6333561355956716	animal
1.697320878204071	0.4954135671657981	white	2.6139915037093697	animal
2.0021119921841994	0.8568628927545479	white	4.334987957800497	animal
1.4868371184558555	0.9563997948982046	black	0.0	animal
2.046891411875249	0.8119956663537028	white	2.1125907994029283	animal
1.428205126544782	0.5690593248926884	brown	0.0	animal
1.6543559544508977	0.9031820764056553	black	0.7420159084398337	animal
2.1230986228289694	1.5075869093144274	brown	0.0	animal
1.4205542778324123	1.4589270366100888	black	3.627351311062953	animal
2.240523718734745	1.2020099334160903	white	0.0	animal
1.021315657922494	1.706407570511498	black	0.0	animal
1.1389117027440614	0.7536561815711519	white	3.84747298274175	animal
2.1137053535249697	1.2203402096526135	black	0.0	animal
1.3036421276146186	0.43561843374445053	black	1.1694054242432184	animal
1.232542630332068	0.9565588293734744	black	1.3831493340730034	animal
1.0342327457099096	1.121194016643171	white	0.0	animal
1.7882250296863895	1.343793074270086	brown	1.4075341255646994	animal
1.5755643366607033	0.8252195183500254	black	7.050653113727742	animal
2.149284162108062	0.8944391426538765	white	0.7716690380809121	animal
0.8754682354555227	1.4050591979647327	black	6.8677618901322175	animal
1.5336242183716144	0.5061220657494329	white	3.7737741863853014	animal
1.1013247165512208	1.106073263824849	white	0.0	animal
1.5261905283820418	0.5948169454365855	black	5.082227757971792	animal
1.3001758457203785	1.125299652454135	black	4.822890363256807	animal
1.0532565369352485	1.4007409354514924	black	0.042716622874801935	animal
1.7726583761224741	0.7424359815995937	black	1.570607313765425	animal
1.9363528177818625	0.7826674893785945	black	2.6333447395301484	animal
2.397023638511561	0.7117532657949892	black	4.7898135287613135	animal
1.8468456738680723	1.108069874154499	black	0.10435556202098839	animal
2.372069192307544	0.63479009142742	white	4.1609795375127065	animal
1.4908190462796287	0.6732175857164091	white	1.547706771456483	animal
1.8911252135934948	1.3486197727702955	white	8.594614933146296	animal
1.610583659310583	1.5601124134116027	black	2.844435168700884	animal
1.3616244752095252	0.7967870601222953	black	0.0	animal
1.5432425376989085	0.4747750479113558	brown	5.214116464782413	animal
1.0480436711969672	1.6459137585408192	white	0.8518863477976981	animal
1.1617032297067638	0.654054089354981	brown	2.4309952994415687	animal
2.0909310413226243	1.0971047056630585	white	4.3725208707904795	animal
1.9352487729868955	0.830939301637444	black	6.661132100312921	animal
1.5550238022330367	0.28277653698872396	white	1.4759559177110064	animal
1.7060052057119524	0.49925635427644466	black	0.0	animal
1.7981165931359706	0.8845826243566128	black	3.408280242450391	animal
1.5374562194130652	0.6787765389005654	brown	3.1695265924477205	animal
2.3732202829453977	1.3044648149344686	white	7.688389452993391	animal
1.9199119198998966	0.8305688047349108	red	7.854934500785324	animal
1.747990546423083	0.5205522445728973	brown	0.2917201518055359	animal
2.503775623349653	1.2209023436585251	black	4.551967182391378	animal
2.2209771228088746	1.4696290522481843	red	6.173029591190874	animal
1.715659469346799	0.466865144187088	black	0.0	animal
1.917983250046741	1.1621795090524683	white	4.4155659321512335	animal
1.3847773593002903	0.9230008974387511	brown	1.1588902992408676	animal
1.8598929482551405	1.1471317050552337	brown	1.1250551009200245	animal
1.095050382302704	1.0087475567360045	brown	0.9782203111141801	animal
0.8585018470777595	0.6691361633291482	black	2.6859932959799653	animal
2.3656862886719154	1.5864785464631006	brown	0.0	animal
1.4761691233162983	1.2738698225917442	red	2.4941675893073434	animal
1.8117352860287315	0.093720562516204	black	1.4124255090501574	animal
2.2450114776350487	0.9594358489577001	brown	8.084273013634567	animal
1.403425252911945	1.2363629218193126	white	2.4547395224835777	animal
1.4278125127839392	0.8508515952360834	brown	2.9285681411715925	animal
1.592718012617694	1.0596920549042426	brown	2.5201885442769294	animal
2.5147341410872612	1.1177761220542073	black	6.803637643153648	animal
1.3615175488069748	0.7304550676800524	black	3.0697545712393466	animal
1.4081841377152315	1.247530118194997	white	1.1108728688617369	animal
1.4666794308634885	0.9966696926672871	brown	6.560252038382924	animal
1.518033498411517	1.0801571659047835	black	2.0703858299062183	animal
1.702829079602221	1.2497642440976704	white	3.365902595778082	animal
1.9876276175847662	0.7826100191233978	black	5.38801877639893	animal
1.5122127889038486	1.668398309297332	brown	0.9629190394796234	animal
1.4197124576714328	1.130801852642901	white	3.849882131891239	animal
1.5102500925677187	1.0932074350319272	brown	6.4148530439815765	animal
1.408312412634917	0.8837688878283535	white	3.8229695784598436	animal
1.1151349905032506	0.8212477161925056	white	0.0	animal
2.246855278470543	0.8213661144338656	white	2.826142291120052	animal
2.193624190438333	1.0562213657343968	white	4.922360962872133	animal
0.9690132658421351	0.5482597383907699	white	2.923493258402231	animal
1.6546875000937065	0.7435059268507347	black	2.8671470390569365	animal
1.3500863252013915	0.23946652912431246	white	0.4673252758992559	animal
1.153909481081929	1.215132893100704	black	5.919765348617755	animal
1.949665880918774	0.6235944253321513	black	6.626287409177477	animal
1.749145106823624	0.6955343372156028	black	0.0	animal
1.4301200927525521	1.3853003880337909	black	3.0545708095624593	animal
1.7203481459656949	1.2962557817220908	brown	1.780102964564806	animal
2.1534844082486693	0.7486688383376477	white	3.9493702862913	animal
1.7586071910432688	1.40477743305521	white	1.7012069387892104	animal
1.3857575811950762	1.456497849624879	black	4.03633770996116	animal
1.6353559912487106	0.4909447810963396	black	4.324545111616703	animal
1.6868581150606452	0.42182600165680634	black	5.356681390262243	animal
1.4784725049278742	0.2396553860207229	white	0.0	animal
1.360227098734347	0.6519071591712982	white	2.1266406272058305	animal
1.4617650033136587	0.8000046029908802	brown	4.318615812508208	animal
1.424793811228072	0.6919121653342547	white	0.629826280329125	animal
1.4700438721594813	0.9166983210292798	white	0.5437098808727003	animal
1.708298477846983	0.7550672350527237	brown	5.472664783897345	animal
2.0397362835630384	1.5341505812573788	brown	2.490017689813262	animal
1.9473092393688358	1.5461869675318396	black	0.0	animal
1.7981034487847927	0.120552096381439	brown	4.438730957901848	animal
1.6164381039244091	0.8532842054976584	brown	2.2128182395565417	animal
1.4260831136010113	0.7342724146046182	black	3.6332070462007295	animal
1.521550824434976	1.2097749142497147	red	0.0	animal
1.783225453066627	0.8043387144674204	brown	4.0069779297177455	animal
1.8836910201818187	0.9491313544034625	black	1.3366555917536325	animal
1.3220940739921412	1.0991211929849087	red	3.715677588024197	animal
1.6075241515399619	1.53886365437388	black	3.6090747250043465	animal
2.1213954397706853	1.4782994714589817	red	6.086737117650554	animal
1.7700571869998385	1.0412579735925522	red	3.7565946503431373	animal
1.285497184108236	1.1707021159360402	brown	0.0	animal
1.6495255569153342	1.427507602438099	white	4.612411824596253	animal
1.7155720010706839	1.1432077749961418	black	1.8205966316131508	animal
0.7625329708934944	1.1332440963981136	black	0.5350963903700909	animal
1.3854037747082435	0.0	black	5.241587814315516	animal
1.520935965109157	1.0475869296202478	black	0.613658523070751	animal
1.6371834833726349	1.0322797734454219	black	0.0	animal
1.6735752052827466	1.0677802749854728	white	7.6144490127000175	animal
1.563173406170327	0.6924446159629577	white	0.0	animal
1.213953380575195	1.1867581364090622	white	6.863704772170206	animal
1.7378078952376148	0.8722421894607179	black	7.6578111905696735	animal
0.9516916171505057	1.206124479914441	white	3.675227894416249	animal
1.3589803441263868	0.22540732986279083	black	1.7838166877051689	animal
2.3725997049842262	0.9632873096269625	black	3.7786567222698455	animal
1.5548896020867964	1.1172207927042375	black	4.8067587549254265	animal
2.0176996018740523	0.0	red	3.3768251267552705	animal
1.0234311146189397	0.5892545307123189	brown	12.023740137639539	animal
2.212016802007149	1.3841917236709649	black	0.0	animal
1.7376306451502699	0.4147368864612403	red	0.0	animal
0.7826184804172218	0.7528107041238353	black	0.0	animal
2.2174754019532794	1.041151661753848	brown	2.7168020247686684	animal
1.5411098998856219	1.1352687525350007	black	0.7725542627412703	animal
1.8692603483342296	1.220020369239963	black	3.4329747062661893	animal
1.5417195464177602	1.0376385598291273	brown	2.844297796608647	animal
1.5605942608085017	1.3721761145877462	brown	0.0	animal
1.4660940636606252	1.301502968906155	red	4.3280132224685675	animal
1.7056669384360381	0.2011536927335862	black	0.015373285000306325	animal
0.7697466112786788	0.7260364225869749	white	0.0	animal
2.0451369019064334	0.7841752534579428	black	0.6314791073338681	animal
1.5628419097819863	0.7864745313773032	brown	5.028782356406536	animal
2.4796098971791944	1.7583231694353756	brown	4.170161698195523	animal
2.6868239510542993	0.906439672834553	black	4.773764146924176	animal
1.503540975163751	1.3170802590289596	brown	3.388021371918376	animal
1.802189078389334	0.7148318737361714	white	7.076912813887679	animal
1.7671646561832752	0.6020134355591938	black	3.395976809291441	animal
1.0828697617246235	1.3696102806219739	black	6.119735767173924	animal
